region_id,regions
tt0075314,US
tt0068473,US
tt0071853,GB
tt0061578,"GB, US"
tt0063929,GB
tt0079470,GB
tt0066999,US
tt0061418,US
tt0080453,US
tt0054953,"GB, US"
tt0060862,US
tt0079807,US
tt0047673,US
tt0051390,EG
tt0191182,DE
tt0068562,US
tt0077751,EG
tt0064038,EG
tt0080653,IN
tt0057357,EG
tt0079749,"SU, IN"
tt0047500,EG
tt0049761,EG
tt0170799,"LB, CA, FR"
tt0268639,IN
tt0202477,
tt0169599,LB
tt0074168,"DZ, EG"
tt0230412,IN
tt0071811,IN
tt0157132,IN
tt0170803,"CA, FR, LB"
tt3290368,IN
tt1219315,IN
tt0098904,US
tt0099685,US
tt0093058,"US, GB"
tt0087843,"US, IT"
tt0098635,US
tt0087800,"GB, US"
tt0098384,US
tt0087928,US
tt0085333,US
tt0083437,US
tt0086815,GB
tt0096694,US
tt0099077,US
tt0072584,US
tt0097958,US
tt0097722,US
tt0092948,US
tt0091939,US
tt0096643,US
tt0082329,US
tt0081848,GB
tt13913068,IN
tt0095262,JP
tt0159510,JP
tt0329829,GB
tt0307403,US
tt0089108,AR
tt0259057,US
tt0159511,JP
tt0084352,GB
tt0208903,IN
tt0098999,IN
tt0213984,GB
tt0096286,US
tt0096179,US
tt0098237,US
tt0099429,IN
tt0090589,US
tt0091106,US
tt0099396,US
tt0097926,IN
tt0177505,IN
tt0099858,"FR, EG"
tt0301231,IN
tt0094052,US
tt0239495,IN
tt0095945,US
tt5944220,US
tt0239682,IN
tt0358053,IN
tt0170148,IN
tt0379272,IN
tt0084042,EG
tt0084492,"FR, LB"
tt0100848,US
tt0239195,US
tt0117060,US
tt0118480,"CA, US"
tt0114369,US
tt14053732,JP
tt0118749,US
tt0109830,US
tt0208092,"US, GB"
tt0134119,US
tt0388629,JP
tt6274074,US
tt0120338,US
tt0213338,JP
tt0120201,US
tt0120755,US
tt0109686,US
tt0112159,JP
tt0119177,US
tt0110413,"US, FR"
tt0238784,US
tt0110632,US
tt0114214,"JP, US"
tt0128853,US
tt0106064,US
tt0142342,US
tt0120877,US
tt4834194,JP
tt0119008,US
tt0108847,"CA, US"
tt0111987,"US, CA"
tt0290223,JP
tt0105265,US
tt0172493,"DE, US"
tt0107362,US
tt0111875,US
tt0102492,US
tt0111756,US
tt0116213,"US, CA"
tt0169858,JP
tt0120434,US
tt0107206,US
tt0110367,US
tt0120873,US
tt0144701,US
tt0118615,"PE, US, BR"
tt0115231,US
tt0191397,US
tt0120102,US
tt0113957,US
tt0106582,"IT, US, FR"
tt0107554,US
tt0113481,"CA, US"
tt0109015,"JP, US"
tt0138414,US
tt0962637,US
tt0221735,JP
tt0120177,US
tt0222518,US
tt0159382,"IE, GB, DE, FR"
tt0247102,US
tt0110657,US
tt0107004,US
tt0119013,"HK, US"
tt0113280,US
tt0119905,US
tt0200353,US
tt0108927,US
tt0115275,US
tt5582224,AU
tt0213363,FR
tt0172684,IN
tt6051792,GB
tt0102227,US
tt0289649,AR
tt0110076,IN
tt0164538,IN
tt0500140,US
tt0173554,FR
tt0108041,"DE, GH, GB, US, BF"
tt0221344,MX
tt0108291,"ES, AR"
tt0174852,US
tt0249934,US
tt0152183,GB
tt0112553,IN
tt0206921,IN
tt0211634,IN
tt0938333,US
tt0106655,IN
tt0216817,IN
tt0119629,"FR, EG"
tt0115895,"PS, US, FR, DE"
tt0140399,IN
tt0151121,IN
tt0287570,"GB, US"
tt0274789,IN
tt0164550,IN
tt0139872,IN
tt0109134,IN
tt0103123,US
tt0222270,IN
tt0243174,LB
tt0294967,US
tt0157183,"FR, NO, LB, BE"
tt0187096,IN
tt0102058,"BE, FR, IT, LB"
tt0107060,IN
tt0938332,US
tt0938331,US
tt0248012,IN
tt9230920,GB
tt0196355,"FR, EG"
tt0267130,IN
tt0110545,"FR, EG"
tt0233856,IN
tt0112916,IN
tt0102537,US
tt0170416,"IN, SU"
tt0903747,US
tt1628033,GB
tt1520211,US
tt0460681,US
tt0884328,US
tt0377092,"CA, US"
tt1877368,GB
tt0496424,US
tt1526318,DK
tt1439629,US
tt0264464,US
tt0413573,US
tt0367279,US
tt1094229,CA
tt8178674,FR
tt0302886,US
tt0364845,US
tt0417299,US
tt0357413,US
tt0758745,US
tt0487831,GB
tt1375666,"US, GB"
tt0976192,US
tt0407887,US
tt0415463,US
tt1591095,"CA, US"
tt0407304,US
tt0877057,JP
tt1405406,US
tt0409591,JP
tt0493464,"DE, US"
tt0381061,"DE, GB, US, BS, CZ"
tt1751105,"CA, US"
tt0353049,US
tt0362227,US
tt0465538,US
tt0257044,US
tt1604099,US
tt0319061,US
tt0887912,US
tt0332452,"MT, GB, US"
tt0988045,"AU, DE, GB, US"
tt0290988,CA
tt0314331,"GB, US"
tt0363307,US
tt0425061,US
tt0830515,"GB, US"
tt0878804,US
tt0309698,US
tt0480249,US
tt0235918,"CA, US"
tt1375670,US
tt0265208,US
tt0405576,US
tt1152836,"US, JP"
tt0277371,US
tt0221027,US
tt0448157,US
tt0972534,US
tt0454921,US
tt0340855,US
tt0462499,"DE, US"
tt0337741,US
tt0366551,US
tt0245674,"CA, US"
tt1199099,GB
tt1659175,US
tt0844471,US
tt0270792,"BE, US"
tt1530541,AU
tt0373883,US
tt0994314,JP
tt0322802,US
tt0839980,US
tt0410297,US
tt0830558,US
tt1037705,US
tt0450259,"DE, US"
tt0425123,US
tt1220719,HK
tt0478087,US
tt0758746,US
tt0948103,JP
tt1228987,"GB, US"
tt1285482,GB
tt1179056,US
tt7396266,IT
tt0385307,US
tt0825232,US
tt1710177,GB
tt0367413,JP
tt0362120,US
tt0253867,US
tt1341188,US
tt0453451,"US, FR, DE, GB"
tt0373926,"GB, US, FR, DE"
tt0251160,US
tt1187043,IN
tt0267804,US
tt0491603,AU
tt0324216,US
tt0281491,GB
tt0312528,US
tt0314353,US
tt1231583,US
tt1316554,JP
tt0758794,US
tt0346631,US
tt0329101,"IT, US"
tt0385752,"GB, US"
tt0389564,US
tt1234548,"US, GB"
tt1190823,US
tt0983983,GB
tt0896798,US
tt1279024,JP
tt1131746,US
tt0385880,US
tt0452625,"US, CA"
tt0443649,"US, ZA"
tt1385867,US
tt0402901,"DE, US"
tt0335438,US
tt0363282,US
tt0398375,"DE, US"
tt0328962,US
tt0395495,US
tt1882928,JP
tt0169102,IN
tt0487849,"GB, ES"
tt1173427,CA
tt0272397,AU
tt0436331,US
tt1386932,"HK, CN"
tt1055292,US
tt1321509,US
tt0418647,US
tt0477071,US
tt0367085,US
tt6954486,"CA, US"
tt0420294,US
tt0816397,JP
tt1884856,RU
tt1421373,US
tt1587790,JP
tt1807824,FR
tt0790604,US
tt1135084,US
tt1209393,JP
tt1370334,KR
tt0986264,IN
tt1314228,US
tt0243585,US
tt1470837,US
tt1436544,GB
tt0297162,"DE, US"
tt0417311,FR
tt6950338,US
tt0388419,US
tt0772137,US
tt1422182,US
tt1213012,"CA, US, IN"
tt3968668,KR
tt1059455,CN
tt1033796,JP
tt5320634,"JP, HK"
tt0988982,JP
tt1295085,US
tt1003009,MX
tt1485763,JP
tt0402910,"CA, GB, US"
tt0456020,US
tt2046005,FR
tt0425601,CA
tt0454349,"CA, US"
tt0417202,EG
tt1422032,"FR, MX, ES"
tt0865482,US
tt1516172,CA
tt1639426,IN
tt1423972,IN
tt1337032,CA
tt0320024,US
tt0248126,IN
tt0347304,IN
tt1093370,IN
tt1673402,US
tt0400234,IN
tt6963796,US
tt0449994,IN
tt1524993,JP
tt1764141,EG
tt0804558,US
tt0486578,US
tt0283770,CO
tt0322645,JP
tt0367110,"IN, US"
tt0443521,CA
tt0985991,GB
tt1451423,"US, CA"
tt0405508,IN
tt1585368,CO
tt0459724,"AR, ES"
tt1125758,GB
tt1757202,KR
tt0499375,IN
tt1659261,US
tt0488798,IN
tt1390471,US
tt1188112,US
tt3270208,KR
tt0292490,IN
tt0367495,IN
tt0284770,US
tt1223975,CL
tt0492472,US
tt1339302,JP
tt0800003,US
tt0492896,US
tt0419058,IN
tt1703048,JP
tt0274428,"FR, MA, DE, PS"
tt0484275,AU
tt1074443,FR
tt1420554,US
tt1785394,JP
tt1160524,JP
tt0461936,IN
tt0464160,IN
tt1481363,JP
tt0964516,IN
tt0404777,KR
tt6958564,US
tt2080922,FR
tt0331370,"AR, DE, UY, ES"
tt1252596,IN
tt0217085,FR
tt0469589,US
tt1017456,IN
tt0479751,IN
tt0366621,JP
tt6978288,US
tt6951568,GB
tt0384116,TR
tt1438298,IN
tt6953650,US
tt1291465,IN
tt19880958,
tt0473367,IN
tt1202514,HK
tt0806102,US
tt0346723,IN
tt0476680,JP
tt0476884,IN
tt0382383,IN
tt0907286,US
tt1260520,CO
tt1324059,IN
tt1206326,JP
tt0319020,IN
tt0449999,IN
tt0457802,IN
tt1071815,JP
tt1345777,IN
tt0800956,IN
tt1233451,CO
tt0795156,"US, GB"
tt1667838,IN
tt0347473,IN
tt1230448,IN
tt0451850,IN
tt1230165,IN
tt1608777,IN
tt1037116,JP
tt1578261,IN
tt1274295,IN
tt0442236,"CL, AR"
tt0448267,"CZ, GB, DK, NL, SE"
tt0886539,IN
tt1324027,CA
tt4570986,IN
tt0791188,JP
tt0808306,IN
tt0920464,IN
tt1433810,IN
tt0473658,JP
tt1483930,TW
tt1327035,IN
tt1373156,IN
tt1185420,"IN, US"
tt5170230,US
tt1587263,TR
tt1185442,IN
tt0355119,CO
tt1395054,IN
tt1043451,IN
tt0396659,JP
tt0476527,IN
tt1092005,IN
tt1292703,IN
tt0415908,IN
tt0811066,IN
tt0312859,IN
tt0417528,IN
tt6953928,FR
tt1242530,IN
tt0456500,IN
tt0780568,DE
tt6999072,US
tt0885520,TW
tt1682704,SG
tt1542960,NG
tt0815456,US
tt1266583,IN
tt0305727,US
tt0863091,MY
tt1178658,US
tt1843120,KR
tt0439856,CA
tt1170399,IN
tt0497335,Lebanon
tt1047832,US
tt1428459,IN
tt1602479,HK
tt0323013,IN
tt8612066,TW
tt1667724,CO
tt9892608,
tt1415252,IN
tt0270053,TR
tt1714832,IN
tt1221139,IN
tt1447508,IN
tt0319736,IN
tt3062514,
tt1735848,JP
tt1174041,IN
tt0362771,IN
tt1105733,IN
tt0934949,HK
tt0986354,US
tt1090680,"BE, FR, ES, CH, PS"
tt0451631,IN
tt0373856,IN
tt0401575,ZA
tt4304720,TW
tt1578582,"NG, US"
tt7885290,
tt1524539,IN
tt1722436,GB
tt1333656,US
tt0377610,"LB, FR"
tt1330525,HK
tt1241195,IN
tt2823414,TW
tt2827516,IN
tt0422907,AR
tt1156506,"CN, HK"
tt21160742,IN
tt3530668,TW
tt0348662,IN
tt0422236,IN
tt7131684,SG
tt1783350,PH
tt11194518,MX
tt0408976,IN
tt1295909,US
tt1179781,IN
tt5295012,TW
tt1094275,"LB, GB, FR"
tt0297241,IN
tt1454440,TW
tt1020042,MX
tt1726871,LB
tt1397492,IN
tt1372266,IN
tt1611840,HK
tt0422934,IN
tt1935782,IN
tt1320282,"FR, DE, KW, PS"
tt1273218,IN
tt1392744,IN
tt1120897,IN
tt1479667,IN
tt0922424,"LB, FR"
tt0979891,IN
tt6286390,
tt1312156,HK
tt0488840,IN
tt6194390,SG
tt1351669,MY
tt9184102,SG
tt1391544,IN
tt1243381,PH
tt6543110,IN
tt0923688,"GB, US, AT, FR, DE, NG"
tt6491030,IN
tt0477653,PS
tt0990433,PH
tt6442436,
tt9233832,SG
tt1686795,US
tt0468458,US
tt0368190,MY
tt1586680,US
tt1636826,US
tt1790885,US
tt0948470,US
tt1877889,US
tt1345836,US
tt1229238,US
tt1826940,US
tt1983079,GB
tt2085059,GB
tt1615147,US
tt1853728,US
tt1836037,US
tt2098220,JP
tt1865740,US
tt1707386,"US, GB"
tt1024648,"GB, US"
tt2216156,GB
tt2359704,JP
tt1302011,US
tt1598778,"AE, US"
tt2193021,US
tt1871731,"DK, US"
tt2250192,JP
tt1695360,US
tt1515091,"GB, US"
tt1524137,"FR, US, GB"
tt1615065,US
tt1582457,"HU, US, CA"
tt2314952,US
tt1830379,GB
tt1077368,US
tt1386703,"CA, US"
tt2139371,US
tt1958961,NO
tt0472181,US
tt1596346,US
tt1592873,US
tt1401152,"GB, FR, DE"
tt1446192,US
tt10349554,US
tt1648179,US
tt2210479,JP
tt1799631,JP
tt2169245,US
tt2222352,GB
tt1979319,JP
tt1531663,US
tt2070649,KR
tt1973692,DK
tt5906984,KR
tt1727434,"CA, US"
tt2187850,CO
tt2425098,JP
tt2644032,US
tt2348803,JP
tt1161864,"US, HU, IT"
tt1441951,GB
tt1430607,"GB, US"
tt2246779,US
tt1847521,JP
tt1411704,US
tt1486185,"CA, US"
tt2245195,US
tt1268799,US
tt0765446,"CA, US"
tt1704637,MX
tt2375379,JP
tt2061527,JP
tt1682181,US
tt2379987,EG
tt2215489,US
tt6357282,TW
tt5315490,JP
tt1948150,IN
tt2558816,US
tt4763642,KR
tt2358911,JP
tt1562872,IN
tt4049416,US
tt2730046,FR
tt10051854,GB
tt5632186,AU
tt1083448,US
tt1211890,US
tt2345525,US
tt4168604,GB
tt8358972,US
tt1934231,IN
tt1860355,US
tt2082197,IN
tt1975249,US
tt1629376,IN
tt1999167,JP
tt2546038,US
tt0280153,FR
tt1776143,HK
tt2273321,US
tt2150139,AU
tt2163203,US
tt1620933,IN
tt1916728,IN
tt2395219,US
tt1285241,"IN, DE"
tt1926313,IN
tt2488050,CL
tt1841542,IN
tt1787988,IN
tt2443734,EG
tt1869721,"CN, HK"
tt2404173,IN
tt1753866,TR
tt1734110,IN
tt1870073,CA
tt2122340,IN
tt2507174,JP
tt2344781,GB
tt6298258,SA
tt1954206,IN
tt3264864,ZA
tt1859607,AU
tt2077833,IN
tt2283748,IN
tt1703958,IN
tt1934335,"HK, CN"
tt2367996,IN
tt1772872,IN
tt1729637,IN
tt1899240,ZA
tt2027138,IN
tt2058636,US
tt1784589,IN
tt2255934,IN
tt4381290,TW
tt2130242,IN
tt1890513,IN
tt2272555,CN
tt2345561,IN
tt2551894,KR
tt1754202,IN
tt2051818,HK
tt1949548,IN
tt2084872,US
tt2461736,US
tt2262126,IN
tt16235600,IN
tt6442774,XX
tt2473936,TW
tt2094761,US
tt1869296,IN
tt2186933,IN
tt2244376,PH
tt2246595,IN
tt1836912,IN
tt2186731,IN
tt3840498,RU
tt1826603,EG
tt7131686,SG
tt2271641,IN
tt6356352,IN
tt1979169,ID
tt6543194,IN
tt2407826,IN
tt6417816,IN
tt6052432,SA
tt2336284,US
tt2229301,US
tt2389344,PH
tt6543070,IN
tt1956697,IN
tt2053397,IN
tt2233762,PS
tt1910649,US
tt1605790,IN
tt1512220,IN
tt2091312,LB
tt2590280,PH
tt6442670,
tt2057445,PH
tt12199688,SG
tt2590214,PH
tt7131690,SG
tt6273116,TW
tt2198109,NG
tt1670646,"PS, NL, US, AE"
tt2442560,GB
tt3006802,US
tt2560140,JP
tt2632424,US
tt2741602,US
tt3868860,US
tt3107288,US
tt1109624,"US, FR, GB"
tt2710394,US
tt3235888,US
tt2084970,"GB, US"
tt2661044,US
tt1979320,"US, DE, GB"
tt2872718,US
tt3484274,US
tt2170593,US
tt1457767,US
tt3749900,US
tt1646971,US
tt1321511,US
tt1856010,US
tt1126590,"CA, US"
tt1980929,US
tt3205802,US
tt3398228,US
tt0453562,US
tt2302755,US
tt3501074,US
tt2387433,US
tt2334873,US
tt3566726,US
tt3596174,US
tt2226417,US
tt2428170,US
tt2355495,US
tt2372162,US
tt0435651,US
tt2712516,US
tt2433738,AU
tt2304771,"GB, ZA"
tt3843168,US
tt2403021,"US, CA, CL"
tt2171867,US
tt1911658,US
tt2189461,US
tt0365907,US
tt1911644,US
tt0795461,US
tt3337194,US
tt2136138,US
tt2431286,GB
tt1121096,"US, GB, CN, CA"
tt3909224,JP
tt1327773,US
tt2487090,US
tt1572315,US
tt1985966,US
tt2172935,US
tt2616280,GB
tt2084712,US
tt0864835,US
tt3124992,JP
tt2005374,US
tt4051832,GB
tt3070936,US
tt2058107,"AU, CH, GB"
tt2955402,ES
tt3869500,US
tt2473602,US
tt3012598,FI
tt3069894,IL
tt2309295,US
tt3105674,"FR, US"
tt4426376,DE
tt1748277,US
tt3874528,JP
tt4320258,TR
tt3445270,US
tt2374744,CA
tt2463288,US
tt3302820,US
tt2017020,US
tt1418377,"AU, US"
tt3596176,US
tt2402157,"GB, US"
tt2338151,IN
tt1699440,"CA, US, GB"
tt6963396,US
tt3243098,KR
tt2374851,AT
tt3823690,US
tt2459156,"DK, US"
tt2548214,AU
tt10590068,US
tt1932718,US
tt3322420,IN
tt4648640,US
tt2535732,US
tt3455224,"CD, GB"
tt3766424,US
tt3104236,JP
tt2937390,US
tt1605798,GB
tt2475154,"US, BR"
tt1457765,US
tt2392179,"CA, JP, US"
tt1821658,"CA, KR"
tt2943280,JP
tt3312378,CA
tt12101170,FR
tt3904068,US
tt2827502,US
tt3390572,IN
tt2852406,PS
tt3500822,US
tt1824254,US
tt2758904,US
tt2931868,CA
tt3692064,US
tt3331846,JP
tt3565486,TR
tt2358913,JP
tt2486682,"US, EG, GB"
tt2372678,IN
tt6953912,US
tt3010520,US
tt3807022,US
tt2466830,US
tt2980794,IN
tt2934844,"CA, US"
tt2544148,TR
tt3069758,TR
tt3219820,US
tt3001638,IN
tt3692768,US
tt2806788,IN
tt1621039,US
tt1375789,IN
tt4240730,KR
tt2974412,BR
tt2357377,KR
tt4256544,GB
tt3331028,US
tt3872778,GB
tt4621212,JP
tt6581428,RU
tt4189294,US
tt3173910,IN
tt4173216,PL
tt3854234,"VE, AR"
tt2806646,KR
tt1891884,IN
tt3958494,US
tt3794302,IN
tt2571140,IN
tt2855648,IN
tt6803712,IN
tt6979430,RU
tt3614516,IN
tt2213054,IN
tt3563156,IN
tt2321163,IN
tt2332707,HK
tt2275802,IN
tt1179259,BR
tt3554418,IN
tt2580128,US
tt3970854,MX
tt3469386,PH
tt3102208,RO
tt2229848,IN
tt2797242,IN
tt3678938,IN
tt2609218,IN
tt2004304,US
tt2112124,IN
tt2362778,IN
tt3483712,IN
tt3815136,GB
tt3481550,US
tt4209802,"IL, NO, ZA, AE, GB, IS, IE"
tt2993406,PS
tt3516378,KR
tt2836450,US
tt3557464,US
tt2608224,TR
tt4147684,CL
tt1757800,US
tt3580052,CA
tt2392447,IN
tt4094916,NG
tt3004634,US
tt6953924,IN
tt3698408,TR
tt10183654,NG
tt6186406,CN
tt4205416,ES
tt4625302,JP
tt3356434,US
tt3044248,HK
tt4103686,BR
tt3206616,NG
tt3828220,PH
tt7131682,SG
tt3203290,"US, CN, DE, SG, UA"
tt2094854,IN
tt3886722,TR
tt2338287,IN
tt6417830,IN
tt2879770,IN
tt2675978,IN
tt3264438,PH
tt3347976,XX
tt4079776,US
tt2552296,LB
tt2380564,CA
tt3456090,US
tt2407418,US
tt3355166,ES
tt2246724,IN
tt4576040,JP
tt3132086,"DE, IT, PS, FR"
tt2996950,PH
tt2939898,IN
tt3173512,HK
tt4171600,XX
tt2714424,US
tt2816740,PH
tt2275794,IN
tt3357416,IN
tt4544590,SG
tt3522136,NG
tt3461524,"AE, LB"
tt3596200,CA
tt2951576,IN
tt2645104,XX
tt6707142,TW
tt6442766,
tt2261700,IN
tt4219300,IN
tt3359290,IN
tt3717390,AR
tt6417854,IN
tt4170532,PH
tt3289618,GB
tt2769454,PH
tt20602440,
tt3772640,PH
tt3599642,CA
tt2344678,IN
tt6417984,
tt2889234,IN
tt3149536,US
tt4003066,TR
tt6442694,
tt3008034,PH
tt3589494,US
tt3922888,ZA
tt3012648,NG
tt3044926,NG
tt1918638,"LB, AE"
tt2723358,"NG, US"
tt6417940,XX
tt3949626,IN
tt3528284,PH
tt3569788,IN
tt20765704,IN
tt2048918,"US, ES"
tt3479858,IN
tt2677816,IN
tt10033686,
tt8834748,SG
tt2404605,IN
tt4286560,US
tt4045666,IN
tt12960266,NG
tt3032476,US
tt4803766,US
tt4574334,US
tt3526078,CA
tt4955642,US
tt4508902,JP
tt4698684,NZ
tt4179452,GB
tt4731072,JP
tt2582782,US
tt4786824,"GB, US"
tt4189022,US
tt3569230,"GB, US, FR"
tt4426214,"US, CA"
tt2005151,US
tt4052886,US
tt4680444,US
tt4635282,US
tt2717822,US
tt2368619,"US, FR, LU, GB"
tt4550098,US
tt4954522,"FR, BE"
tt3460252,US
tt4254242,US
tt2580046,FR
tt1064899,US
tt3609352,US
tt5296406,US
tt4667888,CA
tt10112398,US
tt4565380,IL
tt4277922,FR
tt5651844,CA
tt3332064,"US, GB"
tt4178092,"AU, US"
tt2231253,US
tt5057130,"IT, GB"
tt6244192,US
tt3520702,US
tt4094300,US
tt2707408,US
tt4532368,US
tt5905354,NO
tt4181172,US
tt5269594,GB
tt3865236,US
tt0475290,US
tt3921180,US
tt3501584,US
tt2554274,US
tt4016454,US
tt2431438,US
tt2631186,IN
tt5912064,CA
tt4361050,US
tt4878326,"CA, US"
tt3339966,US
tt2752772,"US, CA, GB"
tt1878870,US
tt4159076,CA
tt3300542,"GB, US, BG"
tt5619658,GB
tt5323662,JP
tt3830558,"CA, FR"
tt3906732,US
tt2267968,"US, CN"
tt5022702,US
tt4192782,AU
tt2091935,US
tt3882082,US
tt4341500,US
tt4686698,CA
tt4148744,GB
tt4061080,US
tt6235122,UA
tt3250026,US
tt5295524,GB
tt2080374,"GB, US"
tt3065204,US
tt6354518,JP
tt2224026,US
tt1823672,"MX, ZA, US"
tt5923962,JP
tt4591680,US
tt3608930,US
tt3416532,"US, GB, ES"
tt5197820,US
tt4666726,US
tt4428122,US
tt4669986,"GB, US"
tt5249462,JP
tt0810819,"BE, DK, DE, GB, US"
tt4326894,US
tt4635276,US
tt3729898,US
tt5562056,US
tt4192998,NO
tt4273292,"GB, IR, JO, QA"
tt4922804,BR
tt4998212,US
tt1666801,US
tt4937942,FI
tt3713166,US
tt3638396,CA
tt2140379,US
tt5189670,US
tt2452386,US
tt3766394,US
tt2106651,US
tt4798450,AR
tt4158876,US
tt5193358,AU
tt3118452,US
tt3986586,US
tt4976512,AU
tt15432108,JP
tt4853102,US
tt4295140,US
tt2386404,"US, CA"
tt3316948,"CH, US"
tt4524056,ES
tt5320160,CA
tt5895028,US
tt3768572,US
tt5531470,US
tt3174376,US
tt5912454,US
tt4971144,US
tt3090670,US
tt4846318,"CA, DE, GB"
tt5435008,US
tt4682786,US
tt5863126,US
tt1365050,"GH, US"
tt5640450,US
tt3387542,US
tt6233538,US
tt5182866,KR
tt4284010,US
tt4699982,"IE, GB"
tt4592410,US
tt4030600,US
tt1734135,US
tt2888046,"HK, CN"
tt5580664,US
tt7320300,AU
tt5537534,JP
tt3604232,US
tt3922818,"CN, US"
tt1841642,"US, GB"
tt4908644,"UA, GB, US"
tt4936176,US
tt3922798,"IE, ZA"
tt6150900,IN
tt4789300,US
tt3883986,"US, FR, MT"
tt5598216,US
tt5332206,KR
tt5839454,GB
tt2479478,US
tt5192124,US
tt5820976,AR
tt4367560,FR
tt4769836,US
tt3077214,"GB, FR"
tt5147214,ID
tt4973548,US
tt3614530,US
tt4196822,GB
tt4573516,US
tt4382552,US
tt4562518,"ES, AR"
tt2652118,CN
tt10767386,US
tt4799064,GB
tt5764414,KR
tt5059406,"CA, US"
tt0837156,US
tt4489160,PH
tt5319838,DE
tt4129870,US
tt9518312,KR
tt1290138,US
tt15119398,
tt7264084,BY
tt1396212,US
tt7239256,AU
tt5477566,US
tt6852304,GB
tt5193172,US
tt3807034,US
tt6717058,FR
tt3499048,MX
tt3185602,US
tt4790546,JP
tt5788462,FR
tt4680240,MX
tt5881326,US
tt2865120,"CA, US"
tt6038584,GB
tt1878841,US
tt5692740,GB
tt5966882,KR
tt5235348,US
tt5228026,US
tt4574708,US
tt5021206,US
tt4132692,CA
tt6055498,CN
tt3590338,IE
tt4680360,US
tt4991512,US
tt4816058,US
tt5371572,US
tt3963816,CA
tt7875988,IS
tt5155576,RU
tt4181052,"CA, GB, US"
tt5677942,CO
tt4864932,IN
tt6150576,JP
tt1639084,US
tt6322264,GB
tt4761054,GB
tt6545220,US
tt4991910,AU
tt6340304,MX
tt5952332,"DK, US"
tt3596178,US
tt3824412,US
tt6295304,US
tt5275894,US
tt1002563,US
tt6046238,FR
tt5846856,US
tt4346362,"AU, FR, DE"
tt2978102,US
tt4572820,"US, CA"
tt5069564,US
tt3216348,US
tt1712192,FR
tt5347906,US
tt5874596,"US, IT"
tt3910690,"CA, US"
tt5462936,US
tt3741346,US
tt4040530,"JP, US"
tt4652532,"CN, FR, CA"
tt4716268,AU
tt3986532,US
tt5075942,US
tt5303668,TR
tt10936232,US
tt4430212,IN
tt5112438,NG
tt5916218,US
tt5496926,BR
tt5350276,AU
tt4680980,"US, CA"
tt5066574,US
tt4034452,CA
tt3661298,US
tt4537842,US
tt4730986,"FR, QA"
tt5895314,JP
tt5278460,US
tt4130418,CA
tt6088326,US
tt4861760,US
tt5341036,PH
tt6302160,KR
tt6209442,KR
tt4900018,US
tt5875282,US
tt6257714,US
tt5181284,GB
tt4338154,IN
tt5828144,CN
tt4642044,US
tt7699866,FR
tt4160920,US
tt4669186,US
tt5333842,US
tt4003966,FR
tt4768764,KR
tt4156972,US
tt5664116,IN
tt4940370,SE
tt5679572,KR
tt3799372,US
tt5866074,ES
tt11063952,US
tt5174284,GB
tt1918911,FR
tt4271820,IN
tt1542768,US
tt4610750,FR
tt5659172,JP
tt5689030,KR
tt5205210,US
tt4613520,KR
tt4944658,"AR, ES"
tt6070434,IL
tt6903262,UA
tt10202268,NG
tt4944352,PH
tt6102594,US
tt5730624,US
tt3859980,IN
tt6246500,US
tt4110568,IN
tt5858892,KR
tt5467814,US
tt4213806,"FR, ES"
tt5520732,JP
tt6474054,GB
tt4969044,NL
tt2424988,IN
tt4512714,US
tt5275236,US
tt3834000,FR
tt5517438,ES
tt5993744,CA
tt4934950,IN
tt3802576,IN
tt6302122,US
tt4567218,RU
tt5868220,HR
tt4430136,IN
tt4685750,"FR, MA"
tt5235950,US
tt5226380,PH
tt4902716,US
tt6423578,SG
tt3275216,US
tt4210022,"RU, US, FR"
tt2724532,CA
tt6163070,US
tt5222724,GB
tt4530184,US
tt4034208,ES
tt4835636,US
tt6217368,US
tt5001772,US
tt5946232,US
tt5676412,CO
tt4392266,US
tt5849950,US
tt4109268,US
tt5151716,US
tt4333674,IN
tt3544218,"FR, BE"
tt5672036,US
tt4900716,IN
tt4434004,IN
tt3148502,IN
tt4354042,IL
tt3105662,GB
tt6079360,AR
tt5606154,TR
tt4460854,US
tt6703344,KR
tt6213810,JP
tt6168004,KR
tt5698140,NL
tt5352432,US
tt4199110,US
tt5815824,AU
tt5156746,IN
tt4399594,IN
tt1929433,HK
tt5598110,FR
tt6876670,TR
tt5952534,"AT, US"
tt4631532,ES
tt5759196,US
tt4842270,PH
tt5231950,TW
tt4970632,US
tt5301958,JP
tt4088588,IN
tt7799740,BR
tt5485482,US
tt4679136,US
tt7131694,SG
tt4790548,JP
tt5714802,IN
tt3679000,IN
tt6968336,KR
tt6450052,TR
tt4814290,IN
tt6449458,BR
tt4788934,CN
tt5805252,IN
tt5674272,AU
tt5710042,US
tt4078252,CD
tt4855748,US
tt5712152,NL
tt5213744,US
tt5602318,US
tt4379536,IT
tt4778424,"FR, CL"
tt4007558,IN
tt6040768,US
tt5167174,US
tt6312916,"AU, GB"
tt6522580,IN
tt5448246,TN
tt4943218,AE
tt6353308,CN
tt6588218,JP
tt4990516,IN
tt7254796,
tt4677578,"SE, NO"
tt5937754,CA
tt5979312,MX
tt6370626,US
tt5186874,DE
tt1239242,US
tt4354740,IN
tt3701442,AT
tt5697642,US
tt4853764,IN
tt3730510,US
tt7440582,NG
tt7038964,RU
tt4448304,US
tt7128052,NG
tt5457520,US
tt4796634,RO
tt7598452,US
tt5547496,MX
tt5684860,TR
tt6081882,US
tt2614722,IN
tt4641248,"GL, FR"
tt6212990,KR
tt6209400,US
tt6068284,NG
tt5105218,"LB, DE"
tt5089786,ES
tt5280664,US
tt6023444,US
tt5290620,IN
tt4160256,"PT, SE, DK, BR, FR"
tt5140248,BR
tt5351044,DE
tt3469244,IN
tt3625516,AT
tt5943936,US
tt5038776,US
tt5755912,PH
tt2797146,IN
tt4588068,CA
tt5886430,MX
tt6011480,ID
tt5559394,IN
tt5183654,SE
tt4971824,"QA, LB"
tt9556710,US
tt2903370,MX
tt5435084,SA
tt6015820,"GB, AU, US"
tt4764566,DE
tt4073952,US
tt4467262,IN
tt6131630,CN
tt5339586,US
tt6111628,CA
tt3422462,IN
tt3724898,IN
tt5356680,"ES, DK"
tt5066564,US
tt6475778,MX
tt5087462,CA
tt6475636,US
tt4628812,PH
tt5998744,"CN, HK"
tt5923040,JP
tt3521770,XX
tt5686120,EG
tt5323386,IN
tt3815424,"AE, FR, JO, LB, QA, PS"
tt0315642,IN
tt6278732,IN
tt4202506,PH
tt4944460,PH
tt5571712,US
tt6409112,KR
tt5036924,NG
tt4703660,US
tt6093070,TW
tt5861260,US
tt6506806,TW
tt9874364,CN
tt5314138,AE
tt6418390,
tt8332742,NG
tt8857316,NG
tt4624852,US
tt6954524,TW
tt5891626,PH
tt9741588,NG
tt4974684,TR
tt6271264,PH
tt6268852,MX
tt5748380,TR
tt5580778,PK
tt6379048,TR
tt4453286,EG
tt4334636,GB
tt5753806,US
tt5114588,TR
tt6045798,US
tt5240748,"IN, GB"
tt5254198,GB
tt4677816,US
tt2909396,IN
tt9769714,US
tt4658908,AE
tt6959666,DE
tt5016660,TR
tt5877882,IN
tt3764686,RO
tt20765946,
tt4899096,TR
tt4994718,TR
tt6271110,PH
tt4452274,"CA, NG"
tt6069058,US
tt2174084,FR
tt5348954,TR
tt4324242,TR
tt3860092,PH
tt9583184,US
tt5659164,JP
tt6273088,TW
tt5811182,NG
tt5357902,VN
tt6999080,"NL, GB"
tt4527090,NG
tt4841640,US
tt7131688,SG
tt4377918,PH
tt5528490,US
tt8879588,"US, JP"
tt5073746,US
tt4172758,US
tt6200274,AE
tt3837166,PH
tt5191238,TR
tt5755796,PH
tt5514296,ID
tt6088634,PH
tt6660922,NG
tt6115284,IN
tt4396648,IN
tt7120662,GB
tt6048596,US
tt8324306,"CA, US"
tt5071412,US
tt1856101,"CA, HU, MX, ES, GB, US"
tt5753856,DE
tt1413492,US
tt1396484,US
tt8103070,US
tt8421350,US
tt5420376,US
tt5362988,"FR, GB, US"
tt5688932,US
tt5013758,"FR, NL, GB, US"
tt7221388,US
tt6266538,US
tt5290382,US
tt5776858,"US, GB"
tt6468322,ES
tt7414406,US
tt7335184,US
tt4209788,"CN, CA, US"
tt1259528,US
tt5232792,US
tt7493974,GB
tt6601082,US
tt6877772,US
tt5516154,US
tt7752034,US
tt5618256,US
tt6763664,US
tt0493405,US
tt6412452,US
tt4378376,DE
tt2261227,US
tt6517102,US
tt15438396,US
tt4555426,GB
tt6128300,US
tt7681968,US
tt6474378,US
tt2452242,US
tt5669422,US
tt6143796,CA
tt5580146,US
tt7768848,US
tt5638642,"CA, GB"
tt5421602,CA
tt3967856,"KR, US"
tt6257970,GB
tt7539608,US
tt6315640,US
tt5254610,"GB, US"
tt4834206,US
tt6394324,US
tt6333080,CA
tt4068576,AU
tt1034007,CA
tt6459472,US
tt5339440,US
tt4236484,KR
tt3588588,"CA, US"
tt7153034,AU
tt5580540,US
tt7902072,GB
tt6461346,KR
tt5304992,US
tt1869347,GB
tt2548396,US
tt1536537,"FR, RO, GB, BE, DE"
tt12427840,"US, GB"
tt3748172,US
tt6155172,"US, MX"
tt6306064,"HK, IS, US"
tt5592248,US
tt5363918,US
tt6524350,US
tt6195094,"CA, FR"
tt4555364,US
tt0784878,US
tt4334266,US
tt16351432,US
tt5610554,"CA, US"
tt5670764,GB
tt1289403,"GB, US, FR"
tt6357658,JP
tt1615160,"IN, CN, US, GB"
tt6628790,US
tt6679794,"US, GB"
tt6987770,US
tt7255502,US
tt6519410,"BE, FR"
tt7134908,ES
tt6502890,US
tt1837492,US
tt2737304,US
tt4225622,US
tt5212822,US
tt7808344,JP
tt8714904,US
tt6045840,US
tt8772088,US
tt7525778,US
tt4154916,"PR, US, GB, CN"
tt8361028,US
tt6782014,US
tt6616260,FI
tt7829834,US
tt6297682,US
tt7259746,US
tt7078180,JP
tt8993398,JP
tt4006302,CA
tt3444312,US
tt5536736,US
tt7818686,GB
tt5710514,US
tt5267472,US
tt6660498,JP
tt2872518,US
tt6385540,GB
tt6218358,GB
tt6217306,"US, GB"
tt4669264,US
tt8179390,US
tt6729080,GB
tt8673610,JP
tt13160278,US
tt8688814,US
tt6900448,JP
tt9498102,CA
tt4849438,IN
tt3335606,AU
tt6333060,US
tt6587094,US
tt7745956,US
tt6952960,US
tt7569592,US
tt6214928,US
tt5862312,ES
tt6957966,"CA, US"
tt5057140,US
tt1464763,"GB, DE"
tt7772580,US
tt7615302,GB
tt5519340,US
tt8342862,US
tt7078710,US
tt1880399,US
tt5155780,US
tt6903284,US
tt8725166,NZ
tt3201640,US
tt4572792,US
tt3654796,US
tt6749318,"US, PR"
tt9495224,"GB, US"
tt6116856,ID
tt3860916,AU
tt7371868,AU
tt5783956,US
tt5707802,US
tt2396589,US
tt5103758,GB
tt5419536,"US, GB"
tt6560040,FR
tt5674718,ES
tt7214762,"CA, US"
tt5709188,US
tt1999890,US
tt8019444,JP
tt2386237,GB
tt7453996,GB
tt6873926,US
tt7889220,US
tt6712390,GB
tt6656238,DK
tt8914684,GB
tt6752992,"IT, CH, FR"
tt6987788,US
tt7923710,KR
tt9527662,JP
tt4964788,"IT, ES, FR"
tt6963504,US
tt6106704,US
tt6478318,TR
tt4955480,US
tt7280898,"US, IS, NO"
tt8314254,CA
tt8285216,RU
tt6487482,US
tt2582576,"IQ, GB"
tt12317724,JP
tt8005374,US
tt5173032,US
tt7053920,US
tt5607714,HU
tt7545524,US
tt6811236,DE
tt7094780,KR
tt6394284,US
tt6908274,ES
tt6243140,CA
tt7689964,US
tt6520524,"GB, US"
tt5565334,US
tt5360996,"US, AU, GB"
tt5884792,US
tt8453436,AU
tt4878482,US
tt4357394,US
tt7573024,"CA, GB"
tt5808778,ES
tt1149367,US
tt6958014,US
tt8172146,US
tt1730768,"CZ, GB, US"
tt3317234,US
tt8673042,"US, IE, CA"
tt8075256,US
tt5816682,"GB, US"
tt5153236,GB
tt8465676,AU
tt4758646,US
tt6788942,TH
tt8139862,US
tt7131720,JP
tt7035576,AE
tt3799232,GB
tt6898970,AU
tt2249081,"GB, ZA"
tt5503718,US
tt5789976,GB
tt10498322,US
tt6973848,"US, GB, ES"
tt3501112,US
tt8891990,US
tt2388771,"GB, US"
tt6333098,US
tt5566790,US
tt6010920,GB
tt5246700,"US, CA"
tt1241317,US
tt7608238,
tt7741824,US
tt7395452,US
tt6854248,CA
tt0069049,"IR, US, FR"
tt6970700,ES
tt6143418,US
tt2417712,CA
tt0914376,US
tt6136644,BE
tt7978538,GB
tt6333104,US
tt7681824,US
tt8948614,US
tt6856700,"GB, ID, CA, CN, SG, US"
tt6562134,US
tt6503244,US
tt5121816,ES
tt2372708,CA
tt5592878,"ES, FR"
tt3967878,KR
tt7472352,"SG, GB, US"
tt6360762,US
tt7944664,JP
tt4858114,US
tt6829180,US
tt9170638,FR
tt6516314,"US, FR"
tt6276110,US
tt8893550,US
tt5672286,CA
tt7879820,US
tt6714408,US
tt8108198,IN
tt2338454,US
tt7603386,US
tt5791536,"GE, DE, FR"
tt8235236,US
tt7584168,CA
tt6408226,US
tt6536944,US
tt9099102,US
tt6467294,US
tt7645192,IT
tt5770788,GB
tt6600720,GB
tt9077192,US
tt6214722,US
tt8063174,TR
tt6821012,US
tt3171832,GB
tt15250768,US
tt8765496,ID
tt6385752,KR
tt6728096,NZ
tt8220344,IL
tt6692188,US
tt9817268,ES
tt6089582,US
tt8963328,JP
tt4712076,US
tt2702692,US
tt3458510,US
tt7448180,"US, GB"
tt8680560,US
tt8365054,NZ
tt5016946,IE
tt3155328,US
tt9000388,IN
tt6645614,
tt7253506,US
tt8801670,KR
tt5990342,US
tt6494418,"CA, US, DE"
tt7907916,US
tt4610378,NL
tt8271714,US
tt5706996,US
tt7278588,KR
tt7521898,KR
tt2569088,US
tt5164184,"GB, US"
tt8021824,GB
tt9557812,
tt6026278,US
tt8300324,GB
tt3120280,US
tt6997426,ES
tt3685236,US
tt1386691,"CA, US"
tt7197684,IT
tt5257726,US
tt9389514,BE
tt10687624,US
tt6352180,JP
tt5607028,JP
tt9257932,CN
tt7183074,US
tt7668518,TR
tt5723286,US
tt7808370,JP
tt6212854,KR
tt6550456,US
tt3704700,"CA, IE"
tt8080054,US
tt5979872,JP
tt7741830,US
tt8855592,PL
tt5539054,US
tt7763662,US
tt9078908,US
tt6997574,US
tt3465276,US
tt6029778,US
tt11503082,CN
tt6890582,KR
tt6916746,US
tt9897038,US
tt9036126,US
tt8824648,TH
tt8254556,"NL, BE"
tt5539052,US
tt8387348,MX
tt6574146,JP
tt4882376,"US, KH"
tt3869122,US
tt4717402,"FR, JP"
tt5721172,GB
tt9201008,US
tt8425308,US
tt5771332,US
tt5691024,"US, GB"
tt7660730,GB
tt9315990,US
tt2962984,US
tt7490342,ES
tt4902904,US
tt7736544,US
tt8434720,CN
tt7214842,US
tt9426852,US
tt4944694,ES
tt8917248,PL
tt0461629,SE
tt7949200,PR
tt5979874,JP
tt7170950,US
tt7298976,KR
tt6317962,JP
tt3713588,US
tt8478602,JP
tt5479616,"US, ES"
tt2720826,"US, CA, CN"
tt7260048,US
tt0332902,NO
tt6452332,JP
tt8236556,KR
tt6119856,US
tt7317178,CN
tt6596634,GB
tt15149776,US
tt8548830,FR
tt5893332,US
tt5688996,US
tt7291268,US
tt6928052,US
tt5797220,CA
tt6077448,IN
tt6714534,US
tt8560918,CO
tt7476946,JP
tt6839788,DE
tt4155534,"CN, US, ES"
tt8690890,CN
tt7644680,US
tt7967882,US
tt6233618,US
tt8858472,US
tt8801708,KR
tt11067738,FR
tt7975182,US
tt6212496,US
tt6494358,US
tt6873658,BR
tt7830574,GB
tt9817230,FR
tt13887556,JP
tt2990140,US
tt6704776,ES
tt4853154,US
tt7890304,KR
tt7440432,US
tt5766086,BE
tt6742610,BR
tt7320560,"CU, US"
tt6892462,FR
tt6497076,JP
tt6060156,ES
tt6424454,JP
tt6076336,US
tt6470396,US
tt7956374,ES
tt6288694,"BG, US"
tt2989524,US
tt5461956,US
tt5829040,US
tt6485928,US
tt8194716,FR
tt8328740,JP
tt9151274,KR
tt5034266,US
tt7639280,GB
tt5938084,PH
tt5878476,"CA, US"
tt8168186,FR
tt6088922,US
tt7205316,FR
tt8716334,US
tt6699860,ES
tt6204340,"US, BG"
tt6158968,"CA, US"
tt6510268,"US, DK, GB"
tt6495756,MX
tt6488862,CN
tt9135854,ES
tt8976346,CN
tt8160178,KR
tt6921524,JP
tt6547170,"GB, US"
tt8954732,US
tt8865580,KR
tt9077350,"ES, IT"
tt4943322,"TR, US"
tt6176928,US
tt7608028,US
tt9185110,GB
tt9170648,US
tt2937366,US
tt8773080,US
tt7981562,KR
tt5811766,IN
tt8667202,CA
tt6879602,US
tt5730690,GB
tt7661472,US
tt7414954,MX
tt7573686,JP
tt9316032,AU
tt6370266,US
tt3053228,"US, BG"
tt8507498,TH
tt7761590,"PE, DE, NO"
tt7099334,KR
tt9777830,US
tt5335606,US
tt9249090,DK
tt3469798,ES
tt5222768,"LU, US, FR"
tt8243158,KR
tt4365518,IL
tt8178958,US
tt6720442,US
tt6987652,US
tt8067306,ES
tt2597760,US
tt8078816,KR
tt5851786,"CA, GB, US"
tt8615966,US
tt5571754,DE
tt5779222,US
tt7622902,KR
tt5968274,"IL, MA, US, BG, GB"
tt9203042,US
tt4418844,ES
tt7256866,US
tt5952468,US
tt7725144,US
tt5233558,US
tt7340800,KR
tt6423886,US
tt6545162,US
tt7343832,US
tt6312802,"AR, CL"
tt3255590,US
tt7626160,GB
tt5722376,US
tt9203078,US
tt5960546,US
tt8200004,US
tt4762824,US
tt5577742,US
tt8015080,JP
tt7923832,TR
tt8487786,KR
tt7440274,US
tt4781350,US
tt7605922,"AR, ES"
tt7217214,US
tt5607658,CA
tt6900644,US
tt5157682,FR
tt6108090,IN
tt7146600,TR
tt8693818,JP
tt6792282,"AR, ES, UY"
tt8443704,TW
tt5607970,US
tt8043492,JP
tt8176578,"JP, CN"
tt6340604,FR
tt8500086,ES
tt8223844,JP
tt6834120,US
tt8697266,US
tt8565136,JP
tt9089294,JP
tt7691766,JP
tt5969696,KR
tt6452574,"IN, US"
tt7514746,PL
tt2499472,US
tt9060534,US
tt7193448,US
tt8591968,IN
tt6333052,"US, AU"
tt6893836,US
tt5873150,US
tt1690967,US
tt4842646,US
tt5075584,DE
tt7619858,US
tt6133034,US
tt6009140,FR
tt7596008,GB
tt6522546,IN
tt6807662,NZ
tt5379294,BR
tt8439854,IN
tt7216288,KR
tt8126390,US
tt8004578,US
tt5451244,"ES, MX"
tt8139850,IE
tt8961530,BR
tt8723216,"PH, SG"
tt8452308,MX
tt8887956,US
tt7334894,MX
tt8342946,XX
tt1799516,"US, AE"
tt4729560,"DE, DK, NL, GB"
tt11481668,"NL, MX"
tt6809396,CO
tt6175760,KR
tt9322614,US
tt7570990,US
tt6262764,AU
tt5176252,ES
tt6304676,JP
tt4341390,US
tt7701694,JP
tt6826438,IN
tt9082316,IN
tt5580392,US
tt3672120,US
tt7332652,JP
tt8709036,US
tt8106576,US
tt1366338,US
tt8796068,US
tt7924808,
tt3711510,ES
tt9316078,JP
tt7172230,AU
tt6710568,US
tt6014472,US
tt7976532,KR
tt8105958,CO
tt8004628,IN
tt6142496,US
tt6333054,US
tt7133686,"CA, CN"
tt7518558,GB
tt6216718,US
tt6061074,US
tt6053948,ES
tt6857988,FR
tt5143890,US
tt8178116,CA
tt4086018,US
tt8598690,"US, MX"
tt7074092,CA
tt7027092,FR
tt9699148,IT
tt1492705,US
tt7022748,KR
tt6167894,IN
tt9046556,US
tt7094874,KR
tt9561968,JP
tt7924798,US
tt6126346,ES
tt8295694,US
tt6854672,"NO, SE, DK, NL"
tt12404980,KR
tt6197484,ES
tt6185286,US
tt8254954,ES
tt5950646,DE
tt9077196,US
tt8771030,IN
tt7484994,JP
tt7608534,US
tt6469960,US
tt7387224,US
tt2967226,US
tt7052634,CN
tt4627352,"US, DE, ZA"
tt6347150,ES
tt8262802,US
tt7487358,US
tt4144332,US
tt5246762,"CA, FR"
tt7983844,US
tt6776106,"IS, SE, BE"
tt9433014,US
tt6125832,KR
tt7204366,US
tt6849940,CA
tt6048930,US
tt8268994,GB
tt8649316,JP
tt7935522,US
tt4924942,"DE, ES"
tt7940468,JP
tt8617844,US
tt4397342,"CN, FR, TW, US"
tt7940122,CO
tt8045690,MX
tt5790492,ES
tt8328460,KR
tt6053938,ES
tt8893546,AR
tt5809020,US
tt7620702,US
tt8659750,CA
tt6775794,US
tt5741304,KH
tt5796838,US
tt6485304,"ES, FR"
tt5674698,ES
tt6840106,RU
tt6830780,KR
tt6183834,"BE, FR"
tt6129302,IN
tt7489816,"BE, FR, IT"
tt8116380,JP
tt4766630,"DE, CH"
tt7192414,
tt6257622,KR
tt8199972,KR
tt8792570,BR
tt6184894,US
tt8882486,US
tt6686450,JP
tt7158972,ES
tt8106596,US
tt6135042,PH
tt6769508,KR
tt8041006,CA
tt8259682,GB
tt8404330,
tt5294198,US
tt6955878,BR
tt2782692,AU
tt5785170,IN
tt3732280,ES
tt8989864,US
tt6441176,"DE, NZ, GB"
tt7679306,PE
tt7343574,FR
tt11515942,US
tt7890244,KR
tt8512986,ES
tt6775816,US
tt7149916,US
tt8585954,KR
tt8092942,GB
tt6892378,US
tt6708116,FR
tt8758778,JP
tt8459250,FR
tt7029854,FR
tt6502956,ES
tt6608034,US
tt8033592,CN
tt7218518,IN
tt7121252,IT
tt5665452,"MX, US"
tt8599562,GB
tt6923462,IN
tt5030402,US
tt9165300,US
tt8431292,AU
tt8160064,KR
tt6895746,ES
tt7776244,JP
tt8888710,CO
tt6514196,IN
tt6692354,IN
tt7531644,GB
tt5693136,ES
tt8005338,US
tt7909708,"AU, US"
tt6598734,US
tt8490894,IN
tt7026230,US
tt8205250,US
tt7044010,US
tt9426186,KR
tt7466040,PS
tt5740806,US
tt9412454,ES
tt9327146,"US, DK"
tt8917752,AT
tt6974886,NG
tt4129428,IN
tt7895706,US
tt5003186,ES
tt6762348,ES
tt6914542,KR
tt10453170,IN
tt8536972,US
tt9077188,US
tt7492122,CN
tt9316022,"PL, US"
tt5278930,US
tt7160176,KR
tt7399470,IN
tt8893554,JP
tt6300100,KR
tt9587016,KE
tt5419676,US
tt4940416,CN
tt7608418,US
tt8630282,GH
tt11542960,JP
tt7661368,US
tt6865906,US
tt7488702,
tt8747882,JP
tt6774212,IN
tt6983520,JP
tt5038900,MX
tt7188736,AU
tt7296862,US
tt9203064,US
tt8342748,US
tt7689924,US
tt6081408,US
tt8171234,
tt6708044,ES
tt8618118,PL
tt7581572,IN
tt6915100,"IT, CH, VA, FR, DE"
tt6744044,US
tt6438918,US
tt9047526,US
tt15739130,FR
tt6728390,JP
tt5870322,DE
tt6485666,IN
tt7310906,US
tt5791810,"PE, GB, US, IL, IT"
tt7776430,DE
tt6967980,IN
tt7924812,IT
tt6688136,DE
tt8352124,FR
tt4906960,IN
tt7956274,AR
tt7981052,US
tt7391996,IN
tt7356518,"SA, SY, AE"
tt8912244,BR
tt8893566,US
tt7539884,GB
tt8106570,US
tt6562866,US
tt6433832,ES
tt6910020,BR
tt7415066,JP
tt9077194,"US, KR"
tt9077184,CN
tt6342110,US
tt6555772,TR
tt7527538,ES
tt8488494,GB
tt3396114,US
tt7142506,"IN, FR"
tt8010342,US
tt6090102,US
tt5474042,IN
tt1877895,IN
tt7754564,BR
tt8106160,US
tt8747342,"GB, US"
tt10777324,
tt5805298,PL
tt7936386,GB
tt12987396,KR
tt7763020,"RS, PL, RU"
tt7895652,BR
tt1379164,US
tt9149838,
tt7371666,PL
tt7968976,US
tt7252000,IL
tt7853242,IN
tt8660874,AU
tt7758552,US
tt8773338,US
tt7841496,"ES, AR"
tt7667038,GB
tt6336270,ES
tt7104578,AU
tt6272828,IN
tt8528256,JP
tt7931520,JP
tt7094798,KR
tt8665634,IN
tt7293754,US
tt6599742,ES
tt7410684,US
tt7379330,US
tt7218736,PH
tt6917420,JP
tt9063106,MY
tt6618178,"CL, NL, FR"
tt1682886,GB
tt7690638,IN
tt6333096,US
tt3487278,ZA
tt5586362,ES
tt7895904,US
tt8458202,IN
tt4110388,ES
tt7741238,US
tt7609436,MX
tt6948354,US
tt6734886,IN
tt6333064,"US, NL"
tt7867076,IN
tt6580972,"AR, ES"
tt8322908,CA
tt6146590,XX
tt4686108,US
tt8454808,GB
tt6170954,IN
tt7679532,US
tt6119504,US
tt7737500,US
tt7288084,US
tt7427130,US
tt6856604,TZ
tt8894324,
tt9866700,FR
tt7322926,US
tt8959860,US
tt8805486,EG
tt6616074,US
tt6626676,BR
tt4738174,CA
tt7001906,"CA, US"
tt12740488,US
tt6527586,"FR, BE"
tt8436026,DK
tt6357074,US
tt6506146,ID
tt7588850,US
tt8931836,TW
tt7474914,"IT, ES"
tt7981492,"ID, MY, SG"
tt7164714,US
tt7422638,CA
tt20421388,JP
tt8760264,US
tt8435268,PE
tt5541002,"FR, LU, CA"
tt6540084,GB
tt12635254,
tt8835780,KR
tt9384194,US
tt6531196,IN
tt10370958,CA
tt7537960,"FR, QA, TN, BE"
tt7607378,MX
tt0365545,US
tt5456546,IN
tt7057376,US
tt6679412,"PL, CH, AL, IT"
tt4554212,"CZ, US"
tt7211600,JP
tt9545904,ID
tt8893502,US
tt6591468,US
tt7390118,DE
tt7134506,JP
tt7161218,JP
tt6589292,US
tt6627630,IN
tt8693758,US
tt7949046,US
tt7222552,FR
tt8088944,KR
tt8107992,FR
tt6596630,"AR, FR"
tt9642576,
tt9238720,US
tt8443480,PH
tt8775056,IT
tt8784906,IN
tt9044128,ID
tt8108202,IN
tt4738912,US
tt5826432,US
tt7582890,US
tt5792472,US
tt8821182,PH
tt7967580,KR
tt6664120,US
tt7794052,IN
tt4373956,TR
tt7692572,US
tt9182404,FR
tt8841814,US
tt7274546,"DE, IT"
tt6194540,FR
tt8512746,ID
tt7613166,IN
tt8477194,JP
tt7607370,AR
tt7619554,PH
tt8826936,IN
tt8507402,TW
tt8397524,"IT, FR"
tt9652322,NG
tt5925772,IN
tt7885558,KR
tt6472116,"MX, FI"
tt7642818,TR
tt8786466,US
tt6550440,FR
tt7022034,US
tt9426178,AR
tt6747420,IN
tt8697554,"CA, BR"
tt7736664,GB
tt15057542,
tt7655590,US
tt6269658,"IN, MX"
tt7768010,US
tt6710214,"US, MX"
tt7807026,ES
tt7321274,GB
tt8001718,US
tt8286926,IN
tt8512320,ID
tt6264596,US
tt8110630,US
tt5601910,US
tt8871764,US
tt7125822,NG
tt4061944,US
tt7370000,PE
tt9203030,US
tt6343706,US
tt6386168,"BR, DK, FR, DE, PL, AR"
tt7492760,NG
tt6964520,BR
tt6795136,BR
tt8908110,
tt7797658,IN
tt9118620,US
tt8510324,TR
tt8276106,MX
tt4329242,"ZA, US, CA"
tt9620806,"ES, BE"
tt8193396,CA
tt7606620,PY
tt7533878,TR
tt8110440,"US, NG"
tt7707314,NG
tt9349942,GB
tt3398808,ES
tt7364706,IE
tt6186696,"US, BE, GB"
tt9097372,ID
tt10078502,US
tt7981318,ZW
tt8324578,US
tt7583280,LB
tt4907094,IN
tt4328934,IN
tt5635808,BR
tt6936350,NZ
tt6615648,IN
tt8835552,PH
tt8043306,PK
tt6984530,ES
tt7321504,"IT, AR"
tt6851966,"NG, US"
tt10438662,TH
tt8591984,
tt6685776,NG
tt8866904,TH
tt6522634,AR
tt7683350,"AT, IQ, US"
tt6218048,US
tt7018722,US
tt8129694,KR
tt16114198,BR
tt6409782,ID
tt9315418,US
tt7804254,BR
tt10078900,AE
tt10455716,GE
tt4157510,US
tt8219520,MX
tt7582798,XX
tt6721132,"AR, IT"
tt8251336,MX
tt6350558,LB
tt6725484,PH
tt7335938,US
tt5433884,CA
tt9017614,US
tt6892388,US
tt7073222,TW
tt6822400,"IN, US"
tt8893498,TW
tt11456582,
tt20424818,
tt6719840,MX
tt7527694,CO
tt8498114,MX
tt7059506,MY
tt11256118,KR
tt8467788,US
tt6352548,IN
tt7371662,"NG, NO"
tt6866914,JP
tt4315044,US
tt8769032,PH
tt8893608,ES
tt8852242,XX
tt7053684,TW
tt6330514,"IS, GB"
tt7983796,
tt6318200,TR
tt7151438,PH
tt7068896,US
tt8159960,
tt7867724,KR
tt8026108,PE
tt8894180,ID
tt9038520,BR
tt3328398,US
tt6791638,IN
tt5910902,IN
tt8438438,AR
tt6539420,EG
tt7906422,EG
tt8467922,MX
tt8246636,CN
tt6284014,TW
tt7178034,US
tt9270416,PH
tt7512304,PH
tt7520228,MX
tt9315848,US
tt7933564,IN
tt8007436,"MX, CO"
tt8595708,MY
tt6794448,US
tt9315892,CA
tt8499662,JP
tt7981260,IN
tt6680270,XX
tt8560884,US
tt4699202,IN
tt7607452,"AR, US"
tt8076266,ID
tt7104984,"ES, FR"
tt6856186,US
tt7535792,TR
tt9060526,US
tt8861786,US
tt6514218,IN
tt6225842,KW
tt4389410,IN
tt8413624,FR
tt8167872,US
tt8329618,NG
tt8234502,"TW, US"
tt9163340,LB
tt9234638,BR
tt7502214,PH
tt7087944,IN
tt6514010,IN
tt6940696,"NP, IN"
tt7822454,IN
tt7607400,AR
tt7607498,MX
tt5917052,IN
tt5814408,CA
tt7624932,JP
tt7388694,ES
tt8583378,BR
tt5117484,US
tt6406976,"AU, US, CN"
tt8587122,TW
tt6346982,"FR, IN, SG"
tt8476276,CZ
tt8004552,AR
tt6333072,US
tt7127976,IN
tt8201924,FR
tt8329296,TZ
tt9765900,JP
tt7607558,CO
tt6544850,PH
tt8045670,TR
tt8493514,TR
tt5827360,ZA
tt5820544,IN
tt7322864,"JP, US, CA"
tt15007420,CM
tt9074344,PH
tt9046560,US
tt20783648,
tt7099076,JP
tt9537072,IN
tt5513920,"BD, IN"
tt9248252,XX
tt7385538,"CA, ZA"
tt9060390,PH
tt9085726,US
tt7127344,PH
tt10515548,CZ
tt20764708,
tt3257794,IN
tt6502534,MX
tt8581230,IN
tt7713204,GB
tt7229730,NG
tt8529070,PK
tt6603812,MY
tt7243756,XX
tt7183082,MX
tt8665900,EG
tt7663776,CL
tt7843946,ID
tt7647198,IN
tt7607492,MX
tt10485928,
tt7587068,MX
tt8748256,TR
tt6568868,"FR, PS, CH, QA"
tt7819668,NG
tt7607318,MX
tt6852616,BR
tt6690322,BR
tt5161784,"NL, JO, DE"
tt7904606,US
tt8791742,CN
tt8607728,NG
tt7607450,CO
tt6949882,IN
tt7486356,IN
tt7541708,ID
tt7741602,AE
tt9154584,"MX, AR"
tt8507516,XX
tt7606464,CO
tt7607260,"US, CL, MX"
tt5882416,ID
tt8081748,LB
tt6891660,KG
tt9084890,IN
tt6972212,XX
tt8757960,MY
tt7752142,US
tt7607332,AR
tt8140738,KR
tt6127024,EG
tt9233904,US
tt6950250,GH
tt11151836,IN
tt7902184,US
tt5158844,XX
tt6487242,MX
tt9189572,CO
tt7924854,US
tt8540608,TZ
tt8328418,US
tt6524440,MX
tt3407614,IN
tt6833550,MX
tt8857590,TR
tt6436212,MX
tt7034962,TW
tt6522846,XX
tt8571410,IN
tt7607416,AR
tt8686460,ZA
tt7698408,
tt9140904,AE
tt9033440,ID
tt8531618,AE
tt9866736,MY
tt7853268,IN
tt7128070,ID
tt7924764,XX
tt7686876,PH
tt12467250,BR
tt8273258,IN
tt7201224,US
tt10546234,
tt8506874,BD
tt8426270,US
tt7138456,"AE, LB"
tt7183876,US
tt7871636,TR
tt8134310,CL
tt6386352,US
tt9437052,KW
tt8847418,NG
tt8669070,ID
tt1312171,US
tt10589968,US
tt9077530,US
tt8367814,"US, GB"
tt9335498,JP
tt9561862,US
tt7772602,US
tt10233448,JP
tt8036272,US
tt7520794,US
tt10436228,US
tt5180504,US
tt8740790,US
tt11937662,MX
tt8398600,GB
tt7698468,US
tt10713450,US
tt10473306,US
tt10098498,US
tt10048342,US
tt7588054,US
tt7767422,GB
tt8064302,US
tt10483610,LU
tt10050772,US
tt8289930,GB
tt8420184,US
tt3007572,US
tt10293938,US
tt8962124,US
tt10003008,US
tt7909970,US
tt6611916,KR
tt7939766,US
tt1302006,US
tt9908860,CA
tt10875696,FR
tt9612516,US
tt11904786,AU
tt10062292,US
tt8936646,US
tt9698480,GB
tt12888462,"ZA, GB"
tt9016974,US
tt8788458,JP
tt8949056,"GB, US"
tt9139220,GB
tt8228288,ES
tt7846844,US
tt9174536,US
tt7556122,US
tt8923854,US
tt8508734,GB
tt7653254,GB
tt11755260,CN
tt3387520,"US, CA, CN"
tt7395114,US
tt10189300,"BT, CN"
tt8258074,US
tt7984766,"US, AU"
tt10795658,JP
tt6905690,"US, GB"
tt7137906,US
tt1206885,"US, CN"
tt10970552,US
tt7541106,US
tt7052494,"GB, US"
tt9077540,US
tt6560164,US
tt6841122,GB
tt5431890,"GB, US"
tt9059350,US
tt11161474,"CA, HU, US"
tt8781414,"US, CA"
tt8688634,US
tt8106534,US
tt10618286,US
tt9893250,"GB, US"
tt11318602,GB
tt9243946,US
tt7374948,US
tt8879894,DE
tt11464826,US
tt8855960,US
tt3833480,"BG, US"
tt5919756,CA
tt1488606,US
tt8580274,US
tt11056808,US
tt10919486,BE
tt7605074,CN
tt10521092,"BE, LT, NL"
tt10098620,GB
tt10362466,US
tt8110640,"US, CA"
tt6259380,"CA, GB, US"
tt4332232,US
tt9251798,NO
tt10886166,PL
tt11704040,US
tt9359220,GB
tt9827854,US
tt9253866,GB
tt10359446,US
tt13322572,CA
tt7826108,US
tt6292852,AU
tt8784956,US
tt1070874,US
tt0800325,US
tt7423538,US
tt8707922,US
tt7971476,US
tt1618434,"IT, MC, US, CA"
tt9777644,US
tt10539608,US
tt11841276,KR
tt11147852,JP
tt8778064,US
tt7607544,DE
tt19354884,BE
tt9184986,DE
tt8169446,US
tt10681222,US
tt9619798,US
tt6472976,US
tt9173418,"CN, US, AU, CA"
tt4126476,US
tt8210856,US
tt8075260,US
tt10872880,CA
tt9056818,"BE, SE, GB"
tt8880894,US
tt8001106,GB
tt8404614,US
tt2235695,GB
tt8426594,US
tt5952634,FR
tt9684220,"CA, US"
tt14033496,JP
tt9683478,US
tt8526872,US
tt10161886,US
tt12312250,US
tt13624584,PL
tt5690870,"GB, US"
tt11073588,IS
tt10514222,US
tt7949606,GB
tt10530176,KR
tt6772802,US
tt9817298,US
tt9680524,GB
tt9446688,US
tt6127004,"US, ES"
tt20873518,US
tt1860242,US
tt9642938,US
tt6418778,US
tt11426660,US
tt9628244,US
tt8295472,US
tt8615822,AU
tt12585152,US
tt2481498,US
tt10482560,US
tt8058874,US
tt9466298,JP
tt6060444,US
tt10554898,CN
tt9398640,US
tt12004280,US
tt7455754,US
tt11394180,US
tt7043012,US
tt8369840,US
tt10888876,SE
tt7555294,US
tt9103932,GB
tt11823076,US
tt12829958,US
tt7263154,BE
tt11973834,AU
tt5868244,US
tt11819890,JP
tt7550000,US
tt4687108,"CA, US"
tt9860676,GB
tt10620868,KR
tt7371896,GB
tt9415632,ES
tt12516712,KR
tt2983222,US
tt10220588,KR
tt5807330,US
tt8041276,US
tt8652642,US
tt3111426,US
tt9412098,US
tt7458762,FR
tt9151230,RU
tt8856470,JP
tt4995776,"CA, US"
tt10584608,US
tt7777196,IN
tt8787802,US
tt1759744,US
tt8923484,US
tt12370124,US
tt14337216,US
tt4139588,"DE, US"
tt7315484,DE
tt9184994,DE
tt8699270,JP
tt8629748,US
tt10516984,"GB, CZ, FR"
tt12540080,MX
tt2076298,"CN, HK"
tt9581768,US
tt11989890,GB
tt11043632,JP
tt7671598,US
tt8328716,US
tt10834478,US
tt12374132,US
tt11600174,US
tt9806192,FR
tt11771594,US
tt3547306,US
tt13607518,US
tt8128188,US
tt4779326,US
tt8462412,CA
tt11239552,KR
tt4257940,US
tt3256226,US
tt9067182,GB
tt7488208,"CN, US"
tt8618654,US
tt8686106,SE
tt5795282,US
tt5294518,US
tt7533152,"US, MW, GB"
tt9624766,"US, CY"
tt12987894,US
tt12867810,KR
tt8165086,BR
tt10199586,"BE, FR, SN"
tt12451520,KR
tt9899340,KR
tt8179388,US
tt12027034,US
tt9794630,US
tt5616176,US
tt7718088,US
tt8836988,GB
tt6193408,"GB, FR"
tt8463172,US
tt11863046,US
tt9577852,US
tt9351980,US
tt12588372,US
tt10837476,US
tt6834140,"BR, FR, ES, BE"
tt4729430,ES
tt13273826,KR
tt11680468,JP
tt10600398,US
tt3907584,US
tt8704802,US
tt9358204,US
tt9164986,US
tt7403736,US
tt12759400,US
tt12792418,KR
tt11423784,IN
tt9381622,US
tt10050778,US
tt12324660,KR
tt10199914,US
tt11388580,US
tt8961508,ES
tt7949204,US
tt10642834,US
tt8741648,GB
tt10731386,"US, CH"
tt11165002,"US, IL"
tt4460792,"IE, GB"
tt9387250,"FR, LT, GB"
tt9073958,GB
tt9026184,US
tt9117054,US
tt7087260,US
tt4878488,AU
tt8022978,ES
tt5859882,"GB, IE"
tt11604750,US
tt11405390,JP
tt8201170,US
tt7043380,FR
tt8115560,US
tt5096470,"GB, IT"
tt8637504,US
tt6256978,US
tt10307440,CA
tt10016704,US
tt9264728,US
tt10888708,US
tt9421868,US
tt10370932,IN
tt10332322,US
tt1758589,US
tt10847306,"GB, US"
tt7042146,US
tt8693266,ES
tt6468740,"JO, TH, US, AL"
tt6937368,IN
tt11994750,CA
tt8523042,KR
tt10675724,FR
tt11958344,JP
tt2197936,"PT, US"
tt10810424,US
tt13316746,AU
tt11398870,SE
tt13375866,"CN, US"
tt10915286,GB
tt8846176,"US, GB"
tt9063902,ES
tt10675488,US
tt9261218,US
tt10473150,US
tt10394770,US
tt10027990,KR
tt11475228,US
tt5125894,"GB, US"
tt12767498,US
tt11240506,PL
tt9098928,"US, GB"
tt8652818,JP
tt10095402,US
tt9849210,DE
tt9067020,US
tt10377036,US
tt10810430,US
tt8000718,"IL, US, FR, DE"
tt8107988,JP
tt8750956,KR
tt4651448,US
tt12930534,US
tt8743064,US
tt5206260,CA
tt11833494,US
tt13110256,US
tt10687134,US
tt5316540,"US, GB"
tt9690302,"TW, MY"
tt8099236,"US, CA, FR, ES"
tt9196192,FR
tt9632590,FR
tt9861504,US
tt11024272,US
tt9348718,JP
tt8403536,US
tt12508898,PH
tt9308682,US
tt9252508,US
tt11284280,"FI, NO"
tt8690518,US
tt10075318,TR
tt10487072,US
tt1950235,US
tt9134194,US
tt9866072,US
tt10303430,US
tt7456312,"GB, US"
tt9015306,GB
tt12313914,JP
tt8509922,US
tt8826128,US
tt8575476,ES
tt7822432,IN
tt8535968,DE
tt10324166,US
tt9850952,US
tt12458252,KR
tt9170386,AR
tt8914012,US
tt10971520,US
tt9460858,ES
tt9731288,ES
tt7558302,US
tt4323594,"MX, US"
tt9850064,JP
tt9050352,FR
tt11753730,US
tt10037034,US
tt9354842,US
tt12246190,KR
tt12013558,JP
tt10682266,US
tt10340990,KR
tt8976576,US
tt11963042,US
tt5066664,"US, FR, JP"
tt6445414,PL
tt10050780,US
tt12987918,BR
tt8404094,US
tt12917170,US
tt9636800,"FR, US"
tt13488080,US
tt8304498,GB
tt7970348,US
tt8178486,"GB, JP"
tt9860752,US
tt7645780,"IN, GB"
tt9358200,US
tt10423460,FR
tt7322210,"FR, US"
tt11313054,US
tt9310328,JP
tt12133722,US
tt9731242,ES
tt10291112,AR
tt10516352,TR
tt10376068,US
tt6739816,US
tt10187680,IN
tt11307176,US
tt9432978,IN
tt8676426,JP
tt8861802,US
tt10477558,JP
tt12190580,US
tt10404944,FR
tt13161310,US
tt8035424,ES
tt11394170,"US, CN, GB"
tt6515910,"US, FR, SE, GB, DE, DK, CA"
tt9879074,GB
tt12753692,US
tt9332962,AU
tt9185316,AU
tt19363230,"BE, FR"
tt1830643,"US, TH"
tt13660638,IL
tt8367694,GB
tt9039142,US
tt10456740,"BE, FR"
tt11958648,GB
tt8819596,US
tt8902948,US
tt11390036,US
tt6508228,GB
tt6251390,US
tt9814900,CA
tt12624844,CO
tt10326928,US
tt8431078,US
tt12117854,US
tt11269704,US
tt13567480,"GB, US"
tt8943224,"PH, US"
tt12048124,ES
tt10260638,US
tt10324144,IN
tt10627584,"IT, US"
tt10050362,US
tt11058644,KR
tt8404520,NL
tt9130542,KR
tt9048368,BR
tt11569640,US
tt7843530,CN
tt12221748,US
tt10069398,NO
tt9482786,US
tt13411948,US
tt9398466,IN
tt10302548,US
tt12929796,KR
tt8322592,US
tt10243640,MX
tt10431500,TR
tt11769304,KR
tt12930602,US
tt9345754,ES
tt11823088,US
tt12031040,JP
tt13492374,GB
tt10243692,BR
tt9426212,US
tt13148876,
tt10952752,US
tt13175760,TW
tt9426290,ZA
tt8902990,IN
tt13464340,GB
tt9244578,TR
tt2499764,GB
tt12078990,ES
tt12875782,DE
tt10698408,US
tt11958942,US
tt13070478,US
tt9770286,US
tt11053220,DE
tt9348716,JP
tt11777040,KR
tt9145880,KR
tt11131980,BR
tt11390530,US
tt8739582,US
tt9731222,ES
tt12409154,US
tt7903530,"BG, US"
tt12357266,US
tt1552211,US
tt11738792,US
tt11269714,FR
tt11434862,FR
tt8164794,US
tt10715172,AR
tt11829316,FR
tt11150912,IN
tt10826064,KR
tt9612680,US
tt12850322,KR
tt9654080,US
tt9486226,ES
tt8750122,US
tt8510488,US
tt8771910,US
tt10506510,DE
tt7736496,US
tt9184592,AU
tt8727582,US
tt10767748,US
tt10061766,US
tt7937168,"ES, FR"
tt10050766,US
tt10329134,TW
tt11525022,"BR, MX"
tt11559652,IT
tt11269886,IT
tt7832848,US
tt8403622,IT
tt12034342,KR
tt8001250,CO
tt10087694,"NL, GB"
tt11861072,US
tt9419834,US
tt9826314,JP
tt8655736,MX
tt10376904,US
tt10681670,US
tt9169764,AU
tt9664078,US
tt10883004,US
tt6435258,US
tt8680902,US
tt11561206,
tt11497904,US
tt9898858,US
tt5848416,US
tt9095526,FR
tt11958922,US
tt10525672,RU
tt13563634,US
tt12692980,
tt10933680,US
tt10192576,KR
tt8478108,ES
tt8230872,"NO, CA"
tt10895604,"FR, US"
tt9310372,IN
tt9058134,JP
tt8784324,
tt15515386,US
tt8130968,IN
tt9856280,US
tt11163014,
tt10044952,US
tt7360648,IN
tt13705052,US
tt9169602,US
tt10589914,JP
tt11542920,BR
tt8403570,FR
tt6704898,ES
tt9815714,US
tt6016744,BR
tt10915060,AR
tt10265158,CN
tt11100856,US
tt9784456,GB
tt6843446,US
tt13044528,FR
tt12263402,KR
tt10551904,"BE, FR"
tt9581778,FR
tt10549212,IT
tt9466990,KR
tt8145202,US
tt10147520,ES
tt10755644,US
tt13167556,"CO, ES"
tt10651790,IN
tt11273976,ZA
tt10406128,KR
tt14994658,CN
tt10147546,US
tt18554728,JP
tt10932166,CN
tt9760504,JP
tt11656172,US
tt10991188,IN
tt11804034,KR
tt11697484,US
tt13570366,AR
tt13487106,
tt10728764,CL
tt11318624,US
tt11276598,"CN, DE, GB"
tt10575038,US
tt7221772,US
tt11497544,GB
tt8995604,KR
tt9817236,ZA
tt7785420,"NL, BE"
tt12759384,US
tt10055734,KR
tt10477528,JP
tt6527456,"NO, DE"
tt3260524,US
tt6908976,US
tt13723064,PL
tt10287954,IT
tt6365796,CA
tt12879522,KR
tt9184970,DE
tt8613876,DE
tt12588160,US
tt10276470,US
tt7358154,US
tt4844150,US
tt6869362,ES
tt8523028,US
tt12850262,KR
tt8296660,ES
tt12525622,KR
tt13783758,US
tt12987838,GB
tt11905462,US
tt6836936,IN
tt6772524,CA
tt6172460,US
tt12780384,IT
tt9695258,"ES, PT"
tt12923734,US
tt13394544,KR
tt10767720,"IL, US"
tt7943036,FR
tt12754910,US
tt10686814,JP
tt11229002,DE
tt10677432,FR
tt11822998,US
tt8116640,AU
tt12759334,GB
tt8987918,ES
tt9046564,
tt9581782,BR
tt10253244,KR
tt10050782,US
tt16391360,JP
tt10726356,US
tt8905964,BR
tt12176398,US
tt12560270,KR
tt10655608,CA
tt10508838,"CN, HK"
tt13244092,AR
tt12200714,"US, GB"
tt9708598,CN
tt10732794,CN
tt9747016,CA
tt11996042,MX
tt6280858,IN
tt12004838,CA
tt9271164,US
tt11177308,US
tt12588326,US
tt10345590,FR
tt10186846,US
tt10244612,DE
tt5827790,"AR, ES"
tt11983342,GB
tt9731254,
tt7080422,"ES, BE, DE"
tt12938472,US
tt9537292,IN
tt10516390,US
tt12656690,TH
tt12146940,AR
tt11718294,
tt6593054,IN
tt13130532,IN
tt11810418,US
tt13428402,JP
tt4180560,"US, GB"
tt13058290,US
tt12742136,US
tt13495586,
tt8976710,US
tt9046574,US
tt8202262,US
tt9165404,US
tt13206988,IN
tt9641192,CO
tt10628250,CN
tt7967412,"US, FR, ES"
tt10655506,IN
tt12027008,US
tt9278032,US
tt10268080,CA
tt10714856,"US, CA"
tt7200946,RO
tt8246392,FR
tt13005714,
tt9257484,US
tt10329566,BR
tt9281190,US
tt10986056,DE
tt10948316,US
tt9916362,"ES, FR, AR"
tt6736198,MX
tt11321572,BR
tt11154906,IT
tt12079236,JP
tt13649688,US
tt9817258,US
tt11127690,ES
tt8599746,"BE, FR"
tt11829302,AR
tt9213932,BR
tt8242160,"ES, FR"
tt13433082,US
tt10241238,BR
tt10370956,US
tt9799992,TH
tt12723962,BR
tt11418344,JP
tt11916718,XX
tt9654086,AR
tt11272424,AU
tt10380934,US
tt13279528,AT
tt7304802,ES
tt10230414,IN
tt10978398,ES
tt11860624,
tt7299298,KR
tt13731400,IT
tt6834916,"NL, PL, UA, GB, US"
tt10367818,MX
tt10395748,
tt12588416,US
tt12765530,AU
tt9098432,US
tt11377920,KR
tt9169592,US
tt1275863,IN
tt3993886,US
tt10589932,
tt10798660,US
tt10289996,US
tt12748032,GB
tt10380814,JP
tt14017966,KR
tt11092086,US
tt8749922,FR
tt10348700,CO
tt9310400,TH
tt10367990,MX
tt7427356,US
tt11474156,US
tt14064260,
tt10438648,US
tt9886950,CN
tt11474480,"QA, PS"
tt8988832,ES
tt9731266,ES
tt12719250,IN
tt12588432,GB
tt9887580,US
tt13276386,US
tt12189310,US
tt8217188,BR
tt8783532,FR
tt8900434,"RS, UY, AR"
tt9153270,US
tt10930958,US
tt11465292,
tt10106108,US
tt13486136,BR
tt10556746,JP
tt12567088,IN
tt9647980,MX
tt9239888,"FR, IT"
tt9327242,CO
tt7562334,US
tt10941528,IT
tt8027624,MX
tt10064124,ES
tt10521644,
tt9046782,MX
tt9032888,US
tt13345636,"CA, LK"
tt9852660,AR
tt8001788,BR
tt10009796,US
tt10731748,BR
tt7511008,FR
tt8959820,IN
tt12027020,"US, AR"
tt9266592,KR
tt13055780,US
tt10312958,LB
tt13150630,"EG, US"
tt9522354,JP
tt12580168,"US, IN"
tt9562694,US
tt8685446,
tt8009602,FR
tt6342440,"FR, LU, BE, KH"
tt10682000,"JP, US"
tt9584024,ES
tt10060094,US
tt9660688,"US, BE, ES"
tt14288764,TW
tt9824012,GB
tt9337588,IN
tt10662450,"US, JP"
tt7304824,"DE, ES"
tt9426194,US
tt10746342,"US, GB"
tt10619444,JP
tt12079212,TW
tt9537306,KR
tt13317376,TW
tt10914452,IT
tt8211214,AU
tt9358052,US
tt8550208,IN
tt12875794,ES
tt12553430,
tt10511826,ES
tt13363298,US
tt11254858,AR
tt13353486,AR
tt10851618,GB
tt8983180,IN
tt12939836,DE
tt10448486,JP
tt10804786,"CA, FR, JP, GB, US"
tt13236566,US
tt12753698,US
tt9343754,IN
tt4008566,ES
tt10540562,
tt11921004,"CA, GB"
tt7600716,FR
tt9806336,DE
tt6193522,US
tt7983744,US
tt10097484,"CN, HK"
tt10311932,"ES, MX"
tt10242266,MX
tt13192640,
tt10097916,CN
tt8722624,US
tt13583120,
tt12599350,US
tt11194492,MY
tt10305616,IN
tt11248800,US
tt3155342,US
tt8908002,IN
tt10282734,HK
tt11199356,IN
tt10308686,US
tt12759408,GB
tt10816484,IT
tt11541444,CN
tt8176040,IN
tt11133472,NG
tt8716800,BR
tt9806322,DE
tt10912990,NG
tt7594584,PH
tt11568878,US
tt8530978,US
tt12327104,US
tt5621544,US
tt9735976,US
tt13446424,DE
tt8009622,US
tt9654108,"AT, DE"
tt11152058,CN
tt9196244,GB
tt11281912,TH
tt10895588,TW
tt13540900,FR
tt12481806,MX
tt9717424,US
tt10847138,US
tt10556130,DE
tt10540242,US
tt13492362,ZA
tt8042292,IN
tt13615386,US
tt10243628,US
tt13292206,US
tt11057644,US
tt13150606,XX
tt9228950,US
tt11052346,"US, GB, DE"
tt11810424,US
tt13318052,CA
tt4725842,"FR, BE"
tt9567112,"US, CN"
tt6078866,IN
tt9877170,IN
tt10230426,IN
tt12792598,"FR, MX, CO"
tt9663460,IN
tt9646240,"BE, FR, IT"
tt9165434,US
tt8477336,"BR, FR"
tt9100028,ES
tt11378264,US
tt5603212,"ES, MX"
tt10370116,IN
tt11316824,TH
tt6156138,JP
tt12285116,TR
tt11261994,CN
tt9109976,IN
tt12313074,US
tt12540060,"GB, US"
tt10687642,US
tt11564588,ES
tt8069036,IN
tt10751504,JO
tt10127562,JP
tt11313076,
tt11247064,US
tt10763618,KR
tt9850370,IT
tt8976832,ES
tt12882062,US
tt7920024,FR
tt12429046,US
tt10577906,CO
tt10006006,US
tt9809140,MX
tt10484298,
tt8115702,US
tt10946934,"MX, US"
tt9314996,TW
tt10035478,CL
tt11488724,
tt9309756,US
tt8435324,"FR, IN, QA"
tt7738048,KR
tt11168104,"AR, PE"
tt9046568,
tt9770590,US
tt9172840,IN
tt11987296,US
tt10768194,US
tt12899858,TW
tt12397078,TW
tt10327440,CN
tt8115672,US
tt12825380,BR
tt9587732,MX
tt10027946,JP
tt17081346,IN
tt10128616,
tt10230422,IN
tt10472296,CN
tt12139700,MU
tt9820352,GB
tt13161318,FR
tt12882136,US
tt6628322,CN
tt8983202,IN
tt11168100,US
tt8852536,IN
tt8354582,US
tt10521638,US
tt11534164,KR
tt10088086,JP
tt10847194,US
tt11506054,IN
tt10350626,IN
tt11499506,IT
tt12661060,NL
tt12748264,DE
tt10798934,US
tt8992946,IN
tt11454718,CN
tt13400146,DE
tt9271408,IN
tt11243536,DE
tt11651780,IN
tt9725830,NG
tt10856726,US
tt10648198,MX
tt12486430,
tt10589924,ID
tt13652552,TW
tt13458600,BR
tt13528990,CA
tt7336684,ES
tt8972556,GB
tt11215186,BR
tt10919902,KR
tt12930476,BR
tt10971532,US
tt11692986,PL
tt10888456,NG
tt7240536,"DE, DK, EG"
tt5990444,US
tt11763742,MX
tt11464488,US
tt12025688,MX
tt10924716,US
tt10945060,US
tt11151792,US
tt12428002,
tt10085386,US
tt11698668,ES
tt7885874,ID
tt8108164,IN
tt10348478,US
tt10370952,TW
tt12588448,KR
tt10937434,IT
tt8466562,US
tt9654082,US
tt8362228,US
tt12571792,BR
tt9810420,AU
tt9817288,KR
tt9050898,US
tt11497900,MX
tt13260836,"US, IE"
tt13409790,
tt6213294,ES
tt10196464,IN
tt12393526,IN
tt11215112,US
tt12547440,BR
tt6670074,CA
tt10627548,US
tt13118012,MX
tt12724632,US
tt10857582,US
tt9150970,ES
tt10805822,TH
tt8882390,US
tt10662234,DE
tt11412566,ES
tt10896172,PH
tt13206564,MX
tt7983712,US
tt11725706,IO
tt7559180,IN
tt12567164,KW
tt12499674,ZA
tt11942052,"TW, CN"
tt13212006,
tt7370952,US
tt12687448,
tt10930586,IN
tt8726116,"FR, NL, SG"
tt6076668,"AU, GB"
tt8393332,ES
tt12665438,TH
tt8055888,IN
tt13206842,US
tt13082008,JP
tt10091530,US
tt12800428,US
tt12573294,IN
tt8130904,IN
tt10635720,
tt12689526,TW
tt12459520,BE
tt9614988,IN
tt8747560,IN
tt10958282,FR
tt11767524,CA
tt7805960,IN
tt12689876,
tt12730310,CA
tt9327348,MX
tt9391692,SN
tt10702412,AR
tt11163008,US
tt12509942,
tt10608668,IN
tt5818722,UY
tt10076106,IN
tt13322484,US
tt13354204,BR
tt10228032,MX
tt13079112,
tt11385066,IT
tt8741182,US
tt10687170,CA
tt4232066,"DE, IN, AT"
tt12140808,US
tt11875456,US
tt12282598,AR
tt9880234,
tt9808532,CL
tt11611314,IN
tt12855976,CA
tt4486148,IN
tt13262150,DE
tt8793990,GB
tt10077998,"MA, FR, QA"
tt10530392,IN
tt11194508,US
tt10977486,US
tt4355838,IN
tt11313068,US
tt11651796,IN
tt13809646,NG
tt11531530,IN
tt13452100,IN
tt10243678,IN
tt11638656,"PS, PH"
tt11230868,IN
tt13297136,CM
tt10715194,FR
tt13255112,US
tt9359294,IN
tt9046562,CL
tt8675288,CA
tt8747450,IN
tt11168116,US
tt8976418,IN
tt10753590,
tt9046576,US
tt8101766,US
tt10150694,US
tt8531592,IN
tt1477110,IN
tt11829340,US
tt19783642,JP
tt11754464,ID
tt12875768,US
tt11561866,SA
tt10050752,US
tt13766476,BR
tt12892186,
tt8659050,IN
tt11953628,IN
tt8890582,ID
tt11156614,PH
tt9543488,ID
tt10543680,IN
tt11916314,US
tt9382596,US
tt7103742,US
tt12241424,IN
tt11569628,CN
tt12187586,US
tt6155456,US
tt11193888,US
tt8718112,
tt8976464,IN
tt10555482,PH
tt14099462,
tt12912830,KR
tt10963790,"EG, SA"
tt11900444,MY
tt11874042,SA
tt11988512,TR
tt10403090,US
tt11032990,US
tt8442644,TR
tt10235600,IN
tt10738914,BR
tt5687236,"CL, AR, CA"
tt12358794,US
tt9822904,
tt12536776,MX
tt9597190,CN
tt9766280,IN
tt12779208,IN
tt7867670,EG
tt7798984,IN
tt10369210,IN
tt11773276,
tt13058374,
tt9817290,TW
tt8747548,IN
tt9648942,ID
tt12319946,
tt13479662,US
tt5900870,ES
tt11280100,TH
tt11823028,FR
tt11460744,DE
tt12423052,NG
tt13150564,AR
tt12190648,BR
tt8268916,IN
tt11481312,NG
tt10376844,US
tt9708588,MX
tt13248198,"AR, CO"
tt11822492,NG
tt8907844,IN
tt11508212,EG
tt9056824,TR
tt9176260,IN
tt13532214,MX
tt11091664,PH
tt10833732,IN
tt10027954,
tt10977680,US
tt13370858,
tt9695156,ID
tt8207768,IN
tt11215130,
tt10320050,TR
tt13106900,MY
tt12572032,
tt13079086,
tt14857600,
tt14495194,BR
tt12748268,
tt10438656,TH
tt9817760,IN
tt9789272,MX
tt13453828,ZA
tt12923630,XX
tt10773114,ID
tt15127976,JP
tt9176296,IN
tt12189308,CO
tt11470064,
tt14740326,ZA
tt6373518,US
tt13528526,US
tt11108064,GB
tt11210142,
tt11127878,ID
tt11505398,"GT, UY"
tt12071466,CN
tt11287390,AR
tt13329282,US
tt10101806,ES
tt14637704,ES
tt10141612,HK
tt13150612,US
tt12987872,US
tt11010144,ZA
tt11867144,
tt13388018,TW
tt16672800,"US, ES"
tt10687564,LB
tt10081210,IN
tt8443432,HK
tt12411586,US
tt13458584,US
tt13890834,
tt10410186,NG
tt7654668,IN
tt9382396,US
tt10882938,IN
tt12923664,US
tt11057912,JP
tt10847330,GB
tt12282600,NG
tt13610390,SG
tt9390254,IN
tt11769162,"ZA, AO"
tt11710234,ID
tt14592684,HK
tt11749980,ID
tt10377292,NG
tt8304386,IN
tt10156112,"HK, PH"
tt10087988,
tt10061256,JP
tt10230436,IN
tt11330500,TW
tt9110340,IN
tt10018436,
tt12588286,US
tt10279104,
tt11193860,US
tt10927572,
tt4384500,"MX, US"
tt7212754,IN
tt9742362,IN
tt10376958,US
tt9749604,TR
tt10871460,TW
tt10656112,BR
tt10715202,US
tt11530234,PH
tt10217780,ZA
tt10243660,"MX, US"
tt10349240,CL
tt10241024,NG
tt9533342,TR
tt10640262,
tt8011344,IN
tt11513508,TH
tt8852408,IN
tt13034096,GB
tt11163028,IN
tt15929232,AU
tt4971258,IN
tt12721188,MX
tt9113332,"SG, MY"
tt9194246,LB
tt10643938,ID
tt10121762,IN
tt10996896,IN
tt15526612,NG
tt6335714,US
tt7527082,IN
tt9204606,"SE, US"
tt11916980,US
tt11066130,IN
tt9665400,IN
tt10432682,CO
tt10540024,ID
tt10087952,
tt11640412,ID
tt8319768,IN
tt13453940,US
tt11168150,FR
tt12724622,FR
tt10327136,NG
tt11262978,IN
tt10637682,PH
tt9817300,IN
tt9817308,FR
tt14928724,NG
tt5338082,IN
tt14706754,BR
tt12263440,CO
tt10687588,"US, CA"
tt12217814,ID
tt10399342,"LB, US, NL, CA"
tt7268736,IN
tt13836494,"KR, US"
tt12401232,DE
tt9859758,EG
tt11960940,
tt11060730,IN
tt15140954,AU
tt20866760,
tt9364848,PH
tt10413458,US
tt12327140,IN
tt8958304,BD
tt13502066,
tt12759420,US
tt11469660,
tt11066396,AR
tt12486200,
tt13846404,TH
tt10242216,
tt10965300,PH
tt9014248,MX
tt15139398,TR
tt7748196,IN
tt10965252,CA
tt11987330,SE
tt11434874,JP
tt10081202,IN
tt13280838,PH
tt9307666,ID
tt10181594,AE
tt13149312,
tt10346206,TW
tt10927576,
tt12434912,LB
tt13483050,
tt8846072,"UY, MX, ES"
tt13607632,CO
tt10990804,
tt11831084,
tt12982218,FR
tt11738790,
tt10044704,"PH, JP"
tt9526822,PH
tt12055392,IN
tt11942100,IN
tt12588398,FR
tt10397430,
tt10984818,UY
tt9140354,"CN, JP, US"
tt9680076,IN
tt13328840,PH
tt10438652,
tt11378154,US
tt13445916,NG
tt10643918,ID
tt13411942,
tt10522374,US
tt10545994,
tt10508182,KW
tt6018556,IN
tt13529992,
tt9328616,CO
tt10519534,NG
tt20872648,IN
tt11792734,TR
tt10076722,HK
tt10039468,ID
tt11829884,NG
tt10446658,EG
tt10290062,ID
tt12424356,US
tt10066526,ID
tt14605914,
tt10945950,CO
tt10438658,IN
tt11162974,AR
tt8900142,"LB, QA, SY, FR"
tt9557190,US
tt13081264,ID
tt9389622,PH
tt9448362,IN
tt10777716,"PS, DK, LB"
tt13439998,US
tt10987498,
tt9176136,IN
tt9861498,IT
tt1649418,"US, CZ"
tt9660182,US
tt8178634,IN
tt6467266,US
tt11671006,US
tt13456318,"US, GB"
tt8009428,US
tt9783600,US
tt13833978,US
tt13640670,GB
tt9288046,US
tt21059520,US
tt21062540,US
tt13861620,US
tt20560404,US
tt18968540,TW
tt13235822,US
tt21063170,US
tt14097144,US
tt1879016,"GB, US"
tt10574558,US
tt8740976,US
tt10127708,ES
tt15292870,GB
tt21106500,
tt12748084,"GB, US"
tt11126994,US
tt10919420,KR
tt13696452,KR
tt2463208,US
tt10638036,GB
tt9170236,US
tt11337908,US
tt11286314,US
tt10293406,"GB, AU, CA, GR, NZ"
tt21030224,US
tt17736234,JP
tt14463552,ES
tt12005828,GB
tt14866710,NO
tt13315156,US
tt4181158,US
tt15096884,PL
tt15407486,DE
tt12446242,ES
tt14174940,AU
tt20859920,KR
tt10203880,US
tt15264192,US
tt11311302,US
tt9100054,"GR, GB, US"
tt2403776,US
tt18783984,US
tt8721424,US
tt20602042,US
tt13315324,US
tt7991608,US
tt21049186,KR
tt19895946,US
tt13365348,US
tt2201227,GB
tt14849626,US
tt14169960,KR
tt18750552,US
tt13175788,US
tt21049266,"DE, FR"
tt15521050,IT
tt7978758,"NL, US"
tt11790780,"AT, GB, US"
tt16348586,GB
tt7979580,US
tt14494894,CO
tt18751672,DK
tt10011306,JP
tt12809988,US
tt10696784,US
tt9851854,IN
tt9698442,GB
tt19704638,US
tt14088994,US
tt2531336,FR
tt15035360,US
tt19758756,US
tt10945036,US
tt5315212,US
tt12304420,SE
tt14589904,US
tt11755740,US
tt9421570,US
tt6506264,"CH, DE"
tt9288848,US
tt20201450,US
tt10231312,US
tt13610562,US
tt17216636,US
tt20597418,ES
tt13018574,BE
tt13446244,KR
tt12680684,IT
tt20560384,GB
tt21044524,DE
tt11233960,"GB, US, DE"
tt18260538,US
tt1267295,US
tt10611608,US
tt12235718,KR
tt13873302,"DK, IS"
tt12141112,US
tt12940732,IL
tt14463542,ES
tt19637852,US
tt11859542,US
tt11343600,US
tt13919802,IN
tt13649532,US
tt19885626,GB
tt11364112,US
tt6566576,US
tt10839422,US
tt14030682,US
tt14544192,US
tt8131720,TR
tt13655456,US
tt8368408,"FR, DE, US"
tt16360006,JP
tt8893974,"US, CA, GB"
tt7475578,GB
tt10888878,"US, AU"
tt13987620,US
tt13980362,ES
tt13024674,"DE, US"
tt19037550,US
tt14626352,JP
tt11570202,KR
tt10834220,DK
tt9012876,US
tt14817272,GB
tt18258584,US
tt15215512,"US, AU"
tt18312376,
tt0993840,US
tt11893274,US
tt11278476,CA
tt6708668,SE
tt14079374,US
tt14140886,FR
tt11541872,FR
tt14556392,IL
tt11514780,GB
tt7737528,"US, JP, TH"
tt3661210,GB
tt11834150,US
tt11053426,GB
tt20723672,
tt21062288,TH
tt11804152,US
tt9701940,US
tt4733624,"CA, US"
tt7985576,GB
tt19034522,US
tt14599438,US
tt15260794,US
tt15341198,"FR, DE"
tt6874762,NZ
tt15575356,
tt11092142,US
tt10896634,AU
tt12940504,KR
tt8610436,"GB, US"
tt9170516,DK
tt15523010,US
tt13056008,"RO, US"
tt13457822,"ES, KN"
tt8787772,MX
tt9742794,ES
tt18082212,US
tt14992922,GB
tt16379454,US
tt11937816,MX
tt15311262,IT
tt14664414,SE
tt9569546,US
tt6341832,"FR, US"
tt11168604,SE
tt12335692,"SE, GB"
tt13109952,NO
tt6111574,US
tt5774002,US
tt12996154,PL
tt15019128,PL
tt10691162,US
tt12532368,"BE, FR"
tt10147644,ES
tt13276352,DK
tt14592064,US
tt12923028,ES
tt6571548,"SG, US, IN"
tt13317454,TR
tt9073940,IL
tt13317508,TR
tt15479704,GB
tt14915608,NL
tt11892272,ES
tt12383460,CA
tt15677070,US
tt18555320,US
tt14819828,KR
tt14506528,US
tt8009744,"CA, GB, US"
tt5164438,US
tt3758814,US
tt15268768,KR
tt8179402,US
tt13575806,"AU, US"
tt10826054,US
tt13069986,"FR, US"
tt9165438,US
tt18926162,KR
tt21030216,ZA
tt14865290,US
tt8545482,GB
tt15146130,KR
tt13323004,ES
tt13925166,"DE, AU"
tt15189534,AR
tt18299058,US
tt19034332,US
tt8521876,US
tt13528564,IN
tt13651632,US
tt14539744,"US, NL"
tt14832996,US
tt15096836,PL
tt6455162,IN
tt8323702,US
tt20604466,
tt20420316,DE
tt8376234,"AU, US"
tt10011314,JP
tt19869374,
tt10813940,US
tt11301946,IN
tt1893273,"GB, CA"
tt18970124,US
tt15723914,US
tt16492950,DK
tt12789212,"GB, US"
tt10062046,KE
tt10962368,US
tt6338498,US
tt18314214,US
tt13968792,NO
tt13357124,JP
tt17513352,KR
tt15392100,DE
tt10101702,"IE, US, CA"
tt20859930,TW
tt14158554,US
tt14465894,"BE, FR"
tt13064634,PT
tt11607896,"GB, DE"
tt13879466,GB
tt11657662,"US, PL, KR"
tt10083340,IN
tt15509164,IN
tt14959710,"US, GB"
tt12676326,US
tt13978306,US
tt14252964,FR
tt14223858,US
tt12838766,KR
tt8851668,US
tt13837672,US
tt15479902,GB
tt13676344,JP
tt12676006,US
tt18970454,GB
tt5563324,US
tt6889042,
tt10521144,"CA, US"
tt14463484,ES
tt15049206,
tt13164942,PL
tt18096250,
tt18974572,CO
tt15393644,CH
tt18217272,US
tt20560428,US
tt13660958,US
tt13822738,FR
tt10140028,US
tt7014378,"LU, FR"
tt10752004,US
tt20723748,US
tt14442054,US
tt17491040,KR
tt14115912,JP
tt15490038,JP
tt14460684,KR
tt10230994,"IT, BR"
tt15907298,
tt8747160,US
tt13357140,JP
tt10763820,"GB, US"
tt14272628,JP
tt21106704,US
tt11762434,US
tt19768508,KR
tt21081098,TW
tt6733874,US
tt9660510,US
tt4479380,"GB, HU, NL, CH"
tt13433812,KR
tt14813966,US
tt6852526,US
tt10121392,US
tt14681732,GB
tt15548032,FR
tt11465278,US
tt10418662,US
tt20723730,
tt18396952,US
tt11102190,IS
tt12885670,GB
tt14168118,BR
tt15614372,IT
tt4590256,US
tt10635042,JP
tt11332850,GB
tt10366574,"BR, DE, QA, MX, US, CH, AR"
tt17005888,US
tt12147800,IN
tt9310336,PH
tt16477402,GB
tt11703050,GB
tt13989030,US
tt10322274,DE
tt8150814,US
tt15674216,"US, BR"
tt9203694,"DE, US"
tt14518756,KR
tt17542000,US
tt16259786,GB
tt13617060,US
tt13278100,FR
tt21049116,
tt10731768,US
tt14069590,US
tt7268738,IN
tt11290960,CN
tt12626014,ES
tt13357164,JP
tt14152756,US
tt11023732,IN
tt17737382,US
tt10809742,ZA
tt18923048,IN
tt12027896,US
tt11224358,US
tt7737700,US
tt15172154,US
tt5562070,"US, CN"
tt18563148,ZA
tt13793230,IN
tt8231668,US
tt10332588,US
tt8310474,"GB, US"
tt15000314,CN
tt15777864,"CA, GB"
tt19115260,KR
tt13323566,TR
tt15484900,KR
tt15166116,US
tt14300912,US
tt12885272,US
tt13393058,ID
tt13660962,US
tt13323118,ES
tt18955474,
tt18260550,FR
tt15036416,DE
tt15287836,
tt12360292,
tt14369056,US
tt13634872,KR
tt15140592,KR
tt14035242,MX
tt14492910,US
tt14153686,MX
tt15085802,US
tt5540990,FR
tt15119170,
tt12624928,US
tt13729220,ID
tt13317582,TR
tt11742798,US
tt9184982,DE
tt13645322,IN
tt19315934,US
tt12502782,JP
tt15090462,CL
tt20723644,
tt20192096,KR
tt15101670,JP
tt20854216,US
tt14691616,KR
tt14167390,IN
tt10841088,CA
tt13357234,JP
tt10360772,NL
tt14479746,IN
tt14759406,IT
tt10919290,US
tt14404596,"ES, PE"
tt13412252,KR
tt14369276,TR
tt16307970,US
tt15553956,KR
tt13972246,US
tt15553922,KR
tt10893694,GB
tt8878862,BR
tt8746404,"CA, US"
tt14078164,US
tt14637290,DE
tt13351614,JP
tt6925902,ES
tt14134334,US
tt15771888,DE
tt11316680,US
tt13649692,US
tt13472984,US
tt19389564,DK
tt14950036,CN
tt11934846,IN
tt20723738,US
tt1587420,US
tt16584084,US
tt13156316,US
tt13495314,PL
tt15469820,US
tt13789092,US
tt16912298,US
tt19315924,IN
tt15373558,IN
tt13313408,IT
tt15198608,DE
tt13648220,"BE, GB, DE"
tt12783454,"ZA, GB, US"
tt13715448,KR
tt15171996,US
tt6714432,US
tt14731794,KR
tt9471660,"CL, PE"
tt7084386,"MX, US"
tt18304232,DE
tt15517928,NL
tt14057360,US
tt15060900,KR
tt7518786,IN
tt15402912,
tt11991748,JP
tt11269026,ES
tt20113404,NO
tt16301388,"GB, US"
tt13387422,ID
tt20192132,FR
tt10516196,PL
tt12663250,KR
tt10451914,US
tt19859458,
tt15977708,US
tt13583144,US
tt7646322,US
tt11263022,US
tt9310330,US
tt15125616,US
tt15309342,KR
tt8690776,ES
tt15384346,ES
tt8241000,"CA, CN, US"
tt13017204,JP
tt11809034,JP
tt13617024,US
tt20597270,BR
tt14023192,KR
tt15470160,US
tt15943826,JP
tt14503370,
tt13524842,IT
tt10676012,US
tt13231962,DK
tt15417248,
tt14916746,
tt14265992,US
tt16085592,US
tt15436028,ES
tt14992232,GB
tt14859224,NL
tt14315500,PL
tt16027926,US
tt20754622,CA
tt12717354,US
tt12211696,"SG, US"
tt14518284,KR
tt11388278,US
tt10545250,JP
tt13087512,US
tt13391710,IN
tt10540276,SE
tt14315756,CA
tt13510660,IN
tt15301854,BR
tt15293256,
tt2850272,"CA, US"
tt13470094,US
tt14167344,IN
tt13956560,IT
tt15101938,US
tt13053222,NO
tt20597408,PL
tt13842562,GB
tt11052470,KR
tt13308276,ES
tt13717980,TR
tt13926994,US
tt6317656,"AU, US"
tt10741846,US
tt15494864,ES
tt19398016,GB
tt11698590,ES
tt14527650,US
tt14111734,US
tt15529566,
tt13758760,
tt10515864,PL
tt14247286,IT
tt8456190,ZA
tt11725680,IN
tt19995810,
tt15339848,US
tt13229964,JP
tt20723742,
tt15857304,GB
tt15569106,JP
tt14540892,IT
tt13288678,JP
tt11182810,TH
tt13238304,TR
tt12771540,US
tt14155414,CA
tt13561292,BR
tt10613308,US
tt14655298,BR
tt8540808,AU
tt16428640,"BR, US"
tt10919304,IN
tt14140844,IT
tt11734264,FR
tt13275052,AU
tt13834006,"BE, FR"
tt15432804,NL
tt10945274,FR
tt14668192,ES
tt18393972,US
tt18315752,EG
tt16369694,DE
tt15326678,IT
tt14821886,MX
tt13885302,KR
tt13560186,ES
tt13735930,SE
tt14365230,TH
tt9248538,US
tt13323092,ES
tt18278666,
tt19361940,US
tt14781176,KR
tt14217100,"BE, NL"
tt15665668,
tt14163838,IN
tt16636178,CO
tt8960382,IN
tt14691382,US
tt13940396,US
tt14318406,US
tt10187208,GB
tt21243226,US
tt18314220,
tt14677850,ZA
tt13321232,US
tt14906826,US
tt18970380,PL
tt14315584,PL
tt11924738,ES
tt9531772,IN
tt16156744,ES
tt15478708,US
tt16583602,SG
tt13053042,PT
tt16306836,ES
tt14746934,FR
tt7311164,IN
tt14676004,ES
tt15576986,US
tt15257704,US
tt6964940,"US, IN"
tt12104930,"AT, DE"
tt16077338,TH
tt15377930,MX
tt13622146,"CN, US"
tt10971022,US
tt13322938,ES
tt15310736,FR
tt14675560,ES
tt15349110,IT
tt19671142,US
tt15119668,TW
tt15655276,IT
tt16227948,US
tt10551256,US
tt15938722,
tt15211330,KR
tt15314640,IN
tt7743120,US
tt13814840,KR
tt11116374,IT
tt13070602,"GB, US"
tt9013182,ZA
tt15192032,US
tt14596414,KR
tt11717394,US
tt15771508,US
tt11698662,ES
tt14164234,JP
tt15337666,
tt18274172,BR
tt5301942,IN
tt8907992,IN
tt14167338,IN
tt14671790,ES
tt14202738,JP
tt14818454,US
tt14550060,
tt10483044,NZ
tt19404044,US
tt14880258,TH
tt14597294,"US, GB"
tt14438518,IN
tt16259804,ES
tt14574154,US
tt15477516,FR
tt14202476,US
tt20012146,
tt14081914,"GB, IT"
tt11961378,TR
tt13932162,"RU, US"
tt13241650,US
tt18469966,CA
tt15036422,US
tt10687202,US
tt14369296,TR
tt14539726,US
tt13282662,IN
tt15373864,AU
tt14398500,US
tt16427718,AR
tt15068148,AR
tt13884144,JP
tt14770480,US
tt2386826,"ES, US"
tt15717742,
tt10709484,IN
tt15018224,BR
tt12808182,FR
tt16282866,BR
tt14118046,ES
tt13003996,IT
tt9205538,"CZ, DE"
tt14956090,US
tt15095938,US
tt13377006,LB
tt11898920,US
tt12851396,US
tt15847872,NG
tt13702252,FR
tt14731142,US
tt8907974,IN
tt16088568,MX
tt14029622,BR
tt13317478,TR
tt19352286,DE
tt15393650,FI
tt14319674,BE
tt16283666,KR
tt15527326,US
tt15340790,FR
tt10183912,JO
tt19398068,"US, NG"
tt11188850,DE
tt14315542,PL
tt18830896,US
tt14482414,KR
tt14058484,US
tt15567380,JP
tt14160660,IN
tt10097544,CN
tt15850662,TH
tt15763882,US
tt15061770,US
tt13598976,"TW, CN"
tt11937732,MX
tt15227100,
tt14169816,KR
tt7716120,"FR, DE"
tt11286552,IN
tt14465966,US
tt18274188,IN
tt10619486,IT
tt10050740,US
tt7601480,RU
tt13885336,KR
tt15420598,NL
tt14091818,IN
tt13351440,US
tt13670090,KR
tt15101964,MX
tt7587604,"NZ, HK"
tt15410190,JP
tt15053428,US
tt10098288,IN
tt19178656,US
tt14168868,TH
tt18253682,"MA, SA, TN, EG, LB"
tt15527308,US
tt11698630,ES
tt15204288,BR
tt17076336,CO
tt11374902,IN
tt13350858,NO
tt15579188,US
tt13323170,ES
tt13779166,"CN, GB"
tt13935770,
tt6704894,US
tt14968268,US
tt14267526,US
tt16745502,IT
tt13818410,US
tt11604676,IN
tt11953194,IN
tt13932598,US
tt19724012,
tt15085784,GB
tt14354838,ES
tt14644428,US
tt13573450,US
tt15091640,GB
tt14608922,AF
tt13787118,US
tt12546872,AU
tt14837960,JP
tt13067004,TR
tt14856998,BR
tt14417802,CO
tt16969906,MX
tt11307814,SE
tt14177168,US
tt14216574,
tt20449034,IT
tt12881516,DE
tt14902484,BR
tt14486678,TR
tt20597344,
tt15674202,US
tt15387774,US
tt10238792,IN
tt13045890,TR
tt15216504,FR
tt12929990,US
tt12439210,US
tt14369286,TR
tt9845564,ES
tt18568732,MX
tt14164238,MX
tt13057626,JP
tt11594766,BR
tt15478968,
tt16146342,GB
tt13323128,ES
tt13847924,"BE, LU"
tt14719590,MX
tt15251764,MX
tt15344082,TH
tt15620158,TW
tt10340562,IN
tt14428606,TW
tt14107554,IN
tt12299824,SE
tt10666438,IT
tt11460976,PL
tt12013758,IT
tt11847606,US
tt14999738,IN
tt11194006,US
tt13079150,FR
tt12564616,ZA
tt11658120,ES
tt15216520,US
tt15663868,DE
tt15360916,DE
tt15808044,TW
tt9038290,"BE, DE"
tt10152736,IN
tt13846542,PL
tt14318430,US
tt11892916,IT
tt15128558,CA
tt12939812,GB
tt15302054,ZA
tt12379170,ES
tt13454122,US
tt15796898,ES
tt19731714,AR
tt11428926,IT
tt11617848,TR
tt15353358,BR
tt8886670,"SE, RO"
tt14362698,IT
tt16088530,KR
tt14404280,JP
tt14167424,IN
tt15233856,BR
tt14074470,BR
tt18954258,"ZA, US"
tt14317062,US
tt19072490,
tt14554338,IN
tt12154638,NL
tt13356884,JP
tt14025788,IT
tt13528562,JP
tt15523050,US
tt18750180,CO
tt15204216,US
tt11363540,MX
tt15470770,US
tt14513646,US
tt16379224,
tt13623916,IN
tt11703922,EG
tt13947978,"US, IL"
tt14391622,
tt10661848,"GB, IN"
tt18314226,
tt15078760,US
tt14371060,BR
tt16453244,PL
tt15338656,US
tt12861850,IN
tt17887288,BR
tt14910946,BR
tt13649700,US
tt14111726,BR
tt11412892,PL
tt17162546,
tt19373274,
tt13269670,CN
tt14599938,KR
tt14064072,
tt11991786,CA
tt13368696,US
tt14035218,US
tt11592014,AR
tt16740216,US
tt13103212,IN
tt13757540,
tt15435146,FR
tt14037542,US
tt19875708,
tt11027830,IN
tt14376958,CN
tt13022626,IN
tt16210966,PH
tt14178956,IN
tt14766956,TR
tt14880428,PH
tt13032716,SE
tt11821818,BR
tt17044594,PL
tt13701962,US
tt15150454,NG
tt13853720,
tt5343008,"CA, ZA"
tt13866142,KR
tt13103340,GB
tt13244024,"GB, US"
tt13691036,NL
tt10307724,FR
tt13377488,PL
tt17162524,US
tt13018090,US
tt7026666,IN
tt13310936,IN
tt14684160,US
tt15863594,BR
tt11503178,IN
tt13065704,EG
tt13782052,ES
tt11253090,IN
tt13784364,IT
tt21195488,US
tt15829666,
tt11142762,IN
tt14898794,TR
tt14369930,US
tt13033790,US
tt10393074,US
tt9769668,IN
tt15101946,US
tt17545256,TW
tt18274176,US
tt11441458,IN
tt13529034,IN
tt15134080,US
tt17052496,BR
tt12748300,NL
tt14236064,JP
tt10300450,IN
tt13848380,US
tt15733384,MX
tt18059108,"GB, US"
tt15387782,US
tt15320436,US
tt13446126,TH
tt15796900,MX
tt13043436,EG
tt14892216,HK
tt14754320,
tt15753666,"AU, US"
tt12432642,
tt15250050,US
tt14403532,
tt15711402,FR
tt13887518,US
tt14719276,JP
tt14227972,JP
tt15484488,ID
tt15779034,
tt14318392,US
tt14024066,VN
tt13161356,TR
tt14345386,PL
tt14211236,NG
tt17321170,"IE, GB"
tt14091172,ES
tt15478768,
tt14611486,JP
tt14078186,
tt15565714,PL
tt15250998,IN
tt6275154,ES
tt16290860,US
tt14315566,PL
tt14136320,ES
tt14549558,MX
tt18396984,IT
tt15496620,ID
tt15772846,KR
tt14807282,ID
tt15893460,
tt13669344,FR
tt15170710,
tt14361314,IT
tt16444502,TR
tt11213600,IN
tt11143434,IN
tt14299926,US
tt14202282,TH
tt13696668,FR
tt9337574,US
tt13349716,IN
tt13979288,PL
tt15684042,IT
tt14880310,MX
tt17162494,
tt13357946,IN
tt15717738,US
tt13317694,TR
tt15845288,US
tt16867200,IN
tt15565724,MX
tt15166478,
tt13920016,ZA
tt16781874,JP
tt16236048,PH
tt7153564,EG
tt15517974,FR
tt13438900,US
tt12738164,TR
tt11570224,EG
tt15820298,"FR, BE"
tt11073148,IN
tt14537060,AU
tt14961160,MX
tt13728764,ID
tt18274178,JP
tt14766058,PH
tt8622232,IN
tt17162512,
tt15979132,PH
tt14540924,ES
tt10168094,NG
tt15150424,
tt14111708,
tt13606090,ID
tt11271990,ID
tt13555930,ID
tt15149712,NG
tt15484242,TR
tt16112918,
tt14611368,ZA
tt16760592,NG
tt14210424,US
tt17052148,ZA
tt14620732,"NG, CA"
tt11102314,IN
tt15084326,US
tt14033300,ZA
tt14720502,TW
tt13773882,IN
tt11867140,"TZ, GB"
tt14773250,LB
tt15398694,"GB, US"
tt11213372,TR
tt13656220,US
tt19892832,PE
tt13575838,CN
tt19883622,BR
tt14537540,ZA
tt13694540,
tt15565704,NG
tt10038660,MX
tt20198164,
tt18570468,KR
tt14243986,KE
tt16161362,PH
tt14494898,CO
tt14880280,KR
tt14540480,AR
tt11936782,ID
tt13524066,SA
tt14512938,IN
tt11668994,ID
tt11182984,IN
tt13657102,SA
tt12478372,
tt13667212,KR
tt11841144,ID
tt14492912,IO
tt15303262,ZA
tt16260968,BR
tt11313944,ID
tt15978704,TH
tt13878800,IN
tt9176102,"GB, IN"
tt15260940,"PH, FO"
tt14051714,TW
tt13136084,PH
tt14412240,PH
tt14307890,ZA
tt16806990,MY
tt13399802,PH
tt14586752,
tt14216488,EG
tt13857480,NG
tt11803618,
tt14585902,CO
tt13711094,
